<environmentvariabledefinition schemaname="admin_WikiEnvironmentType">
  <defaultvalue>Choose production type if you're ready to deploy. If you're still developing or testing, choose Sandbox for a non-production environment. Learn more about environment types in &lt;a href='https://go.microsoft.com/fwlink/?linkid=2093069' style='color:purple;'&gt;this overview&lt;/a&gt;.</defaultvalue>
  <description default="Wiki information about environment type for end user to understand.">
    <label description="Wiki information about environment type for end user to understand." languagecode="1033" />
  </description>
  <displayname default="Wiki - Environment Type">
    <label description="Wiki - Environment Type" languagecode="1033" />
  </displayname>
  <introducedversion>3.19.5</introducedversion>
  <iscustomizable>1</iscustomizable>
  <isrequired>0</isrequired>
  <secretstore>0</secretstore>
  <type>100000000</type>
</environmentvariabledefinition>