{
  "properties": {
    "connectionReferences": {
      "shared_commondataservice_1": {
        "runtimeSource": "embedded",
        "connection": {
          "connectionReferenceLogicalName": "admin_CoECoreDataverseLegacy"
        },
        "api": {
          "name": "shared_commondataservice"
        }
      },
      "shared_commondataserviceforapps": {
        "runtimeSource": "embedded",
        "connection": {
          "connectionReferenceLogicalName": "admin_sharedcommondataserviceforapps_98924"
        },
        "api": {
          "name": "shared_commondataserviceforapps"
        }
      }
    },
    "definition": {
      "$schema": "https://schema.management.azure.com/providers/Microsoft.Logic/schemas/2016-06-01/workflowdefinition.json#",
      "contentVersion": "1.0.0.0",
      "parameters": {
        "$connections": {
          "defaultValue": {},
          "type": "Object"
        },
        "$authentication": {
          "defaultValue": {},
          "type": "SecureObject"
        },
        "Power Automate Environment Variable (admin_PowerAutomateEnvironmentVariable)": {
          "defaultValue": "https://us.flow.microsoft.com/manage/environments/",
          "type": "String",
          "metadata": {
            "schemaName": "admin_PowerAutomateEnvironmentVariable",
            "description": "Environment, including geographic location, for Power Automate - Ex for commercial: https://flow.microsoft.com/manage/environments/"
          }
        },
        "FullInventory (admin_FullInventory)": {
          "defaultValue": false,
          "type": "Bool",
          "metadata": {
            "schemaName": "admin_FullInventory",
            "description": "Determines if you want to only update objects that have changed, or all objects. Defaults to No. Switching to Yes will cause the flows to inventory every single app/flow/etc in the tenant and make the flows long running "
          }
        }
      },
      "triggers": {
        "When_a_record_is_created_or_updated": {
          "metadata": {
            "operationMetadataId": "3bab44a9-ddd8-447f-901c-2fa33ce16631"
          },
          "type": "OpenApiConnectionWebhook",
          "inputs": {
            "host": {
              "connectionName": "shared_commondataserviceforapps",
              "operationId": "SubscribeWebhookTrigger",
              "apiId": "/providers/Microsoft.PowerApps/apis/shared_commondataserviceforapps"
            },
            "parameters": {
              "subscriptionRequest/message": 4,
              "subscriptionRequest/entityname": "admin_environment",
              "subscriptionRequest/scope": 4
            },
            "authentication": "@parameters('$authentication')"
          }
        }
      },
      "actions": {
        "Check_if_Solutions_can_be_retrieved_for_this_environment": {
          "actions": {
            "Terminate,_inquiry__not_supported": {
              "runAfter": {},
              "metadata": {
                "operationMetadataId": "303cf191-ec29-40ed-b90b-d73833e269c0"
              },
              "type": "Terminate",
              "inputs": {
                "runStatus": "Succeeded"
              }
            }
          },
          "runAfter": {},
          "expression": {
            "or": [
              {
                "equals": [
                  "@triggerOutputs()?['body/admin_environmentdeleted']",
                  "@true"
                ]
              },
              {
                "equals": [
                  "@triggerOutputs()?['body/admin_hascds']",
                  "@false"
                ]
              },
              {
                "equals": [
                  "@triggerOutputs()?['body/admin_environmentsku']",
                  "Teams"
                ]
              },
              {
                "equals": [
                  "@triggerOutputs()?['body/admin_environmentsku']",
                  "Developer"
                ]
              }
            ]
          },
          "metadata": {
            "operationMetadataId": "9b6688e4-c25b-4e40-9deb-fcf181094357"
          },
          "type": "If"
        },
        "Get_Solutions_and_Exit_if_no_Solutions_in_envt_or_if_no_permissions": {
          "actions": {
            "Count_Solutions": {
              "actions": {
                "Quit_if_no_Solutions": {
                  "runAfter": {},
                  "metadata": {
                    "operationMetadataId": "f8a93c00-c6c9-4716-9e92-62ed6d148503"
                  },
                  "type": "Terminate",
                  "inputs": {
                    "runStatus": "Succeeded"
                  }
                }
              },
              "runAfter": {
                "Terminate_if_no_access": [
                  "Skipped"
                ]
              },
              "expression": {
                "equals": [
                  "@length(outputs('List_Solutions')?['body/value'])",
                  0
                ]
              },
              "metadata": {
                "operationMetadataId": "b7370f16-6982-490a-92dd-0fd0001e2c79"
              },
              "type": "If"
            },
            "List_Solutions": {
              "runAfter": {},
              "metadata": {
                "operationMetadataId": "18cc04ae-6bf0-45a5-88cd-867597f3f22a"
              },
              "type": "OpenApiConnection",
              "inputs": {
                "host": {
                  "connectionName": "shared_commondataservice_1",
                  "operationId": "GetItems_V2",
                  "apiId": "/providers/Microsoft.PowerApps/apis/shared_commondataservice"
                },
                "parameters": {
                  "dataset": "@triggerOutputs()?['body/admin_environmentcdsmetadataname']",
                  "table": "solutions",
                  "$filter": "createdby/fullname ne 'SYSTEM' and publisherid/uniquename ne 'Microsoft'   and publisherid/uniquename ne 'MicrosoftCorporation' and publisherid/uniquename ne 'adxstudio' and publisherid/uniquename ne 'microsoftdynamicslabs'  and publisherid/uniquename ne 'microsoftdynamicscrmsdksamples'  and publisherid/uniquename ne 'MicrosoftDynamicsAILabs'  and publisherid/uniquename ne 'microsoftdynamics365'  and publisherid/uniquename ne 'microsoftdynamics'  and publisherid/uniquename ne 'microsoftfirstparty' and publisherid/uniquename ne 'dynamics365customerengagement'",
                  "$expand": "createdby($select=fullname), publisherid($select=uniquename)"
                },
                "authentication": "@parameters('$authentication')",
                "retryPolicy": {
                  "type": "none"
                }
              },
              "description": "Do not collect or inventory solutions created by System",
              "runtimeConfiguration": {
                "paginationPolicy": {
                  "minimumItemCount": 100000
                }
              }
            },
            "Terminate_if_no_access": {
              "runAfter": {
                "List_Solutions": [
                  "Failed"
                ]
              },
              "metadata": {
                "operationMetadataId": "713f1ba1-95d3-4176-80c2-0488efa1cb30"
              },
              "type": "Terminate",
              "inputs": {
                "runStatus": "Failed",
                "runError": {
                  "code": "404",
                  "message": "Unauthorized"
                }
              }
            }
          },
          "runAfter": {
            "Check_if_Solutions_can_be_retrieved_for_this_environment": [
              "Succeeded"
            ]
          },
          "metadata": {
            "operationMetadataId": "3e11da85-65c2-4bec-a9d3-76ca594e26b2"
          },
          "type": "Scope"
        },
        "Initialize_variable_isNewToCoE": {
          "runAfter": {
            "Get_Solutions_and_Exit_if_no_Solutions_in_envt_or_if_no_permissions": [
              "Succeeded"
            ]
          },
          "metadata": {
            "operationMetadataId": "cdc98291-b926-4a68-b8c5-a1a14a84eef0"
          },
          "type": "InitializeVariable",
          "inputs": {
            "variables": [
              {
                "name": "isNewToCoE",
                "type": "boolean",
                "value": "@false"
              }
            ]
          }
        },
        "Initialize_Soln_NeedsUpdatedInCoE": {
          "runAfter": {
            "Initialize_variable_isNewToCoE": [
              "Succeeded"
            ]
          },
          "metadata": {
            "operationMetadataId": "9ede7832-defd-43d8-95f9-cac7dd9b3bbc"
          },
          "type": "InitializeVariable",
          "inputs": {
            "variables": [
              {
                "name": "Soln_NeedsUpdatedInCoE",
                "type": "boolean",
                "value": "@false"
              }
            ]
          }
        },
        "Put_Solutions_in_CoE_-_Error_Handling": {
          "actions": {
            "Create_a_new_record_-_Sync_Flow_Errors": {
              "runAfter": {},
              "metadata": {
                "operationMetadataId": "613da3ef-3857-4218-ae25-b8be6d66b3c4"
              },
              "type": "OpenApiConnection",
              "inputs": {
                "host": {
                  "connectionName": "shared_commondataserviceforapps",
                  "operationId": "CreateRecord",
                  "apiId": "/providers/Microsoft.PowerApps/apis/shared_commondataserviceforapps"
                },
                "parameters": {
                  "entityName": "admin_syncflowerrorses",
                  "item/admin_name": "Admin | Sync Template v3 (Solutions)",
                  "item/admin_environmentname": "@triggerOutputs()?['body/admin_displayname']",
                  "item/admin_flowinstanceurl": "@concat(parameters('Power Automate Environment Variable (admin_PowerAutomateEnvironmentVariable)'), workflow()?['tags']['environmentName'], '/flows/', workflow()?['name'], '/runs/', workflow()?['run']['name'])"
                },
                "authentication": "@parameters('$authentication')"
              }
            },
            "Terminate": {
              "runAfter": {
                "Create_a_new_record_-_Sync_Flow_Errors": [
                  "Succeeded"
                ]
              },
              "metadata": {
                "operationMetadataId": "e6fb89b6-b607-465a-aa3a-4c86d692f5c8"
              },
              "type": "Terminate",
              "inputs": {
                "runStatus": "Failed",
                "runError": {
                  "code": "500",
                  "message": "Get Solutions Failed"
                }
              }
            }
          },
          "runAfter": {
            "Put_Solutions_in_CoE": [
              "Failed"
            ]
          },
          "metadata": {
            "operationMetadataId": "0dbc47e1-3e25-4cc2-8949-d62f0755e5dc"
          },
          "type": "Scope"
        },
        "Put_Solutions_in_CoE": {
          "actions": {
            "Apply_to_each_Soln": {
              "foreach": "@outputs('List_Solutions')?['body/value']",
              "actions": {
                "Get_Current_Inventory_of_Solution_Objects": {
                  "actions": {
                    "List_related_BPFs": {
                      "runAfter": {},
                      "metadata": {
                        "operationMetadataId": "d5867f07-7cd4-47d8-b2c0-129702f52d38"
                      },
                      "type": "OpenApiConnection",
                      "inputs": {
                        "host": {
                          "connectionName": "shared_commondataserviceforapps",
                          "operationId": "ListRecords",
                          "apiId": "/providers/Microsoft.PowerApps/apis/shared_commondataserviceforapps"
                        },
                        "parameters": {
                          "entityName": "admin_ppsolution_bpf_tableset",
                          "$select": "admin_businessprocessflowsid",
                          "$filter": "admin_solutionid eq @{items('Apply_to_each_Soln')?['solutionid']}",
                          "fetchXml": "<fetch>\n  <entity name=\"admin_ppsolution_bpf_table\">\n    <link-entity name=\"admin_businessprocessflows\" from=\"admin_businessprocessflowsid\" to=\"admin_businessprocessflowsid\" link-type=\"inner\">\n      <attribute name=\"admin_businessprocessflowworkflowentityid\" />\n    </link-entity>\n  </entity>\n</fetch>"
                        },
                        "authentication": "@parameters('$authentication')"
                      }
                    },
                    "List_related_Flows": {
                      "runAfter": {
                        "Select_BPF_IDs_from_Inventory": [
                          "Succeeded"
                        ]
                      },
                      "metadata": {
                        "operationMetadataId": "854b5265-473c-4780-bc19-99aa7ee04150"
                      },
                      "type": "OpenApiConnection",
                      "inputs": {
                        "host": {
                          "connectionName": "shared_commondataserviceforapps",
                          "operationId": "ListRecords",
                          "apiId": "/providers/Microsoft.PowerApps/apis/shared_commondataserviceforapps"
                        },
                        "parameters": {
                          "entityName": "admin_ppsolution_flow_tableset",
                          "$select": "admin_flowid",
                          "$filter": "admin_solutionid eq @{items('Apply_to_each_Soln')?['solutionid']}",
                          "fetchXml": "<fetch>\n  <entity name=\"admin_ppsolution_flow_table\">\n    <link-entity name=\"admin_flow\" from=\"admin_flowid\" to=\"admin_flowid\" link-type=\"inner\">\n      <attribute name=\"admin_workflowentityid\" />\n    </link-entity>\n  </entity>\n</fetch>"
                        },
                        "authentication": "@parameters('$authentication')"
                      }
                    },
                    "List_related_Apps": {
                      "runAfter": {
                        "Select_Inventory_Workflows": [
                          "Succeeded"
                        ]
                      },
                      "metadata": {
                        "operationMetadataId": "1adffffd-04b4-4c05-92d6-e8bc369f6efa"
                      },
                      "type": "OpenApiConnection",
                      "inputs": {
                        "host": {
                          "connectionName": "shared_commondataserviceforapps",
                          "operationId": "ListRecords",
                          "apiId": "/providers/Microsoft.PowerApps/apis/shared_commondataserviceforapps"
                        },
                        "parameters": {
                          "entityName": "admin_ppsolution_apps_tableset",
                          "$select": "admin_appid",
                          "$filter": "admin_solutionid eq @{items('Apply_to_each_Soln')?['solutionid']}",
                          "fetchXml": "<fetch>\n  <entity name=\"admin_ppsolution_apps_table\">\n    <link-entity name=\"admin_app\" from=\"admin_appid\" to=\"admin_appid\" link-type=\"inner\">\n      <attribute name=\"admin_appidstring\" />\n    </link-entity>\n  </entity>\n</fetch>"
                        },
                        "authentication": "@parameters('$authentication')"
                      }
                    },
                    "Select_BPF_IDs_from_Inventory": {
                      "runAfter": {
                        "List_related_BPFs": [
                          "Succeeded"
                        ]
                      },
                      "metadata": {
                        "operationMetadataId": "390abf04-1dac-43ce-9b5f-e29f6b38f502"
                      },
                      "type": "Select",
                      "inputs": {
                        "from": "@outputs('List_related_BPFs')?['body/value']",
                        "select": {
                          "ObjectID": "@item()?['admin_businessprocessflows1.admin_businessprocessflowworkflowentityid']"
                        }
                      }
                    },
                    "Select_Flow_IDs_from_Inventory": {
                      "runAfter": {
                        "List_related_Flows": [
                          "Succeeded"
                        ]
                      },
                      "metadata": {
                        "operationMetadataId": "307980b8-e23a-4e80-8b1f-1bf7b5988aeb"
                      },
                      "type": "Select",
                      "inputs": {
                        "from": "@outputs('List_related_Flows')?['body/value']",
                        "select": {
                          "ObjectID": "@item()?['admin_flow1.admin_workflowentityid']"
                        }
                      }
                    },
                    "Union_of_Workflow_types_from_inventory": {
                      "runAfter": {
                        "Select_Flow_IDs_from_Inventory": [
                          "Succeeded"
                        ]
                      },
                      "metadata": {
                        "operationMetadataId": "fe55f5ee-6b78-456f-be17-78cdc239deec"
                      },
                      "type": "Compose",
                      "inputs": "@union(body('Select_BPF_IDs_from_Inventory'), body('Select_Flow_IDs_from_Inventory'))"
                    },
                    "Select_Inventory_Workflows": {
                      "runAfter": {
                        "Union_of_Workflow_types_from_inventory": [
                          "Succeeded"
                        ]
                      },
                      "metadata": {
                        "operationMetadataId": "a5cd6636-9d3a-4562-8f2a-30594cb3061e"
                      },
                      "type": "ParseJson",
                      "inputs": {
                        "content": "@outputs('Union_of_Workflow_types_from_inventory')",
                        "schema": {
                          "type": "array",
                          "items": {
                            "type": "object",
                            "properties": {
                              "ObjectID": {
                                "type": "string"
                              }
                            },
                            "required": [
                              "ObjectID"
                            ]
                          }
                        }
                      }
                    },
                    "Select_App_IDs_from_Inventory": {
                      "runAfter": {
                        "List_related_Apps": [
                          "Succeeded"
                        ]
                      },
                      "metadata": {
                        "operationMetadataId": "307980b8-e23a-4e80-8b1f-1bf7b5988aeb"
                      },
                      "type": "Select",
                      "inputs": {
                        "from": "@outputs('List_related_Apps')?['body/value']",
                        "select": {
                          "ObjectID": "@item()?['admin_app1.admin_appidstring']"
                        }
                      }
                    },
                    "Select_Inventory_Apps": {
                      "runAfter": {
                        "Select_App_IDs_from_Inventory": [
                          "Succeeded"
                        ]
                      },
                      "metadata": {
                        "operationMetadataId": "a5cd6636-9d3a-4562-8f2a-30594cb3061e"
                      },
                      "type": "ParseJson",
                      "inputs": {
                        "content": "@body('Select_App_IDs_from_Inventory')",
                        "schema": {
                          "type": "array",
                          "items": {
                            "type": "object",
                            "properties": {
                              "ObjectID": {
                                "type": "string"
                              }
                            },
                            "required": [
                              "ObjectID"
                            ]
                          }
                        }
                      }
                    }
                  },
                  "runAfter": {},
                  "metadata": {
                    "operationMetadataId": "35809c59-3b34-487b-a45a-bcf319d7f910"
                  },
                  "type": "Scope"
                },
                "Get_Current_Actual_Solution_Objects": {
                  "actions": {
                    "List_Solutions_Apps": {
                      "runAfter": {},
                      "metadata": {
                        "operationMetadataId": "18cc04ae-6bf0-45a5-88cd-867597f3f22a"
                      },
                      "type": "OpenApiConnection",
                      "inputs": {
                        "host": {
                          "connectionName": "shared_commondataservice_1",
                          "operationId": "GetItems_V2",
                          "apiId": "/providers/Microsoft.PowerApps/apis/shared_commondataservice"
                        },
                        "parameters": {
                          "dataset": "@triggerOutputs()?['body/admin_environmentcdsmetadataname']",
                          "table": "solutioncomponents",
                          "$filter": "(componenttype eq 300 or componenttype eq 80) and _solutionid_value eq @{items('Apply_to_each_Soln')?['solutionid']}"
                        },
                        "authentication": "@parameters('$authentication')",
                        "retryPolicy": {
                          "type": "exponential",
                          "count": 10,
                          "interval": "PT10S"
                        }
                      },
                      "description": "Do not collect or inventory solutions created by System",
                      "runtimeConfiguration": {
                        "paginationPolicy": {
                          "minimumItemCount": 100000
                        }
                      }
                    },
                    "Select_Actual_Apps": {
                      "runAfter": {
                        "List_Solutions_Apps": [
                          "Succeeded"
                        ]
                      },
                      "metadata": {
                        "operationMetadataId": "9d01ee8a-d56f-4aee-97bc-3951ff5ede5d"
                      },
                      "type": "Select",
                      "inputs": {
                        "from": "@outputs('List_Solutions_Apps')?['body/value']",
                        "select": {
                          "ObjectID": "@item()['objectid']"
                        }
                      }
                    },
                    "List_Solutions_Workflows": {
                      "runAfter": {
                        "Select_Actual_Apps": [
                          "Succeeded"
                        ]
                      },
                      "metadata": {
                        "operationMetadataId": "18cc04ae-6bf0-45a5-88cd-867597f3f22a"
                      },
                      "type": "OpenApiConnection",
                      "inputs": {
                        "host": {
                          "connectionName": "shared_commondataservice_1",
                          "operationId": "GetItems_V2",
                          "apiId": "/providers/Microsoft.PowerApps/apis/shared_commondataservice"
                        },
                        "parameters": {
                          "dataset": "@triggerOutputs()?['body/admin_environmentcdsmetadataname']",
                          "table": "solutioncomponents",
                          "$filter": "componenttype eq 29 and _solutionid_value eq @{items('Apply_to_each_Soln')?['solutionid']}"
                        },
                        "authentication": "@parameters('$authentication')",
                        "retryPolicy": {
                          "type": "exponential",
                          "count": 10,
                          "interval": "PT10S"
                        }
                      },
                      "description": "Do not collect or inventory solutions created by System",
                      "runtimeConfiguration": {
                        "paginationPolicy": {
                          "minimumItemCount": 100000
                        }
                      }
                    },
                    "Select_Actual_Workflows": {
                      "runAfter": {
                        "List_Solutions_Workflows": [
                          "Succeeded"
                        ]
                      },
                      "metadata": {
                        "operationMetadataId": "0d6bab53-b421-4b40-aba2-4cffefa02e61"
                      },
                      "type": "Select",
                      "inputs": {
                        "from": "@outputs('List_Solutions_Workflows')?['body/value']",
                        "select": {
                          "ObjectID": "@item()['objectid']"
                        }
                      }
                    }
                  },
                  "runAfter": {
                    "Get_Current_Inventory_of_Solution_Objects": [
                      "Succeeded"
                    ]
                  },
                  "metadata": {
                    "operationMetadataId": "12f80b4d-6cf6-4202-b930-4051f4c057c1"
                  },
                  "type": "Scope"
                },
                "Remove_objects_no_longer_in_solution_inventory": {
                  "actions": {
                    "RemoveFromInventory_-_Workflows": {
                      "runAfter": {},
                      "metadata": {
                        "operationMetadataId": "1d5d30c7-bdc2-4b69-9655-1ea7afb04a68"
                      },
                      "type": "Query",
                      "inputs": {
                        "from": "@body('Select_Inventory_Workflows')",
                        "where": "@not(contains(body('Select_Actual_Workflows'), item()))"
                      }
                    },
                    "remove_flow_from_solution_inventory": {
                      "foreach": "@body('RemoveFromInventory_-_Workflows')",
                      "actions": {
                        "Get_Flow_to_Remove": {
                          "runAfter": {},
                          "metadata": {
                            "operationMetadataId": "8aa362c2-98cf-4feb-a3f6-6696b40996e8"
                          },
                          "type": "OpenApiConnection",
                          "inputs": {
                            "host": {
                              "connectionName": "shared_commondataserviceforapps",
                              "operationId": "ListRecords",
                              "apiId": "/providers/Microsoft.PowerApps/apis/shared_commondataserviceforapps"
                            },
                            "parameters": {
                              "entityName": "admin_flows",
                              "$filter": "admin_workflowentityid eq @{items('remove_flow_from_solution_inventory')?['ObjectID']} and _admin_flowenvironment_value eq @{triggerOutputs()?['body/admin_environmentid']}",
                              "$top": 1
                            },
                            "authentication": "@parameters('$authentication')"
                          }
                        },
                        "If_flow_found_to_remove": {
                          "actions": {
                            "Remove_Solution_Flow": {
                              "runAfter": {},
                              "metadata": {
                                "operationMetadataId": "3f4abf78-2890-4730-b7db-ef2ed6fb87c5"
                              },
                              "type": "OpenApiConnection",
                              "inputs": {
                                "host": {
                                  "connectionName": "shared_commondataserviceforapps",
                                  "operationId": "DisassociateEntities",
                                  "apiId": "/providers/Microsoft.PowerApps/apis/shared_commondataserviceforapps"
                                },
                                "parameters": {
                                  "entityName": "admin_solutions",
                                  "recordId": "@items('Apply_to_each_Soln')?['solutionid']",
                                  "associationEntityRelationship": "admin_PPSolution_Flow",
                                  "$id": "@first(outputs('Get_Flow_To_Remove')?['body/value'])?['@odata.id']"
                                },
                                "authentication": "@parameters('$authentication')"
                              }
                            }
                          },
                          "runAfter": {
                            "Get_Flow_to_Remove": [
                              "Succeeded"
                            ]
                          },
                          "else": {
                            "actions": {
                              "Get_BPF_to_Remove": {
                                "runAfter": {},
                                "metadata": {
                                  "operationMetadataId": "de83be09-3894-4ba1-972b-33586aa7226d"
                                },
                                "type": "OpenApiConnection",
                                "inputs": {
                                  "host": {
                                    "connectionName": "shared_commondataserviceforapps",
                                    "operationId": "ListRecords",
                                    "apiId": "/providers/Microsoft.PowerApps/apis/shared_commondataserviceforapps"
                                  },
                                  "parameters": {
                                    "entityName": "admin_businessprocessflowses",
                                    "$filter": "admin_name eq @{items('remove_flow_from_solution_inventory')?['objectid']} and _admin_businessprocessflowenvironment_value eq @{triggerOutputs()?['body/admin_environmentid']}",
                                    "$top": 1
                                  },
                                  "authentication": "@parameters('$authentication')"
                                }
                              },
                              "If_BPF_found_to_remove": {
                                "actions": {
                                  "Remove_Solution_BPF": {
                                    "runAfter": {},
                                    "metadata": {
                                      "operationMetadataId": "7f4cefea-d323-4df4-83db-83386442e667"
                                    },
                                    "type": "OpenApiConnection",
                                    "inputs": {
                                      "host": {
                                        "connectionName": "shared_commondataserviceforapps",
                                        "operationId": "DisassociateEntities",
                                        "apiId": "/providers/Microsoft.PowerApps/apis/shared_commondataserviceforapps"
                                      },
                                      "parameters": {
                                        "entityName": "admin_solutions",
                                        "recordId": "@items('Apply_to_each_Soln')?['solutionid']",
                                        "associationEntityRelationship": "admin_PPSolution_BPF",
                                        "$id": "@first(outputs('Get_BPF_To_Remove')?['body/value'])?['@odata.id']"
                                      },
                                      "authentication": "@parameters('$authentication')"
                                    }
                                  }
                                },
                                "runAfter": {
                                  "Get_BPF_to_Remove": [
                                    "Succeeded"
                                  ]
                                },
                                "expression": {
                                  "greater": [
                                    "@length(outputs('Get_BPF_to_Remove')?['body/value'])",
                                    0
                                  ]
                                },
                                "metadata": {
                                  "operationMetadataId": "52257d8a-836d-4ab6-b614-332b0d2b620f"
                                },
                                "type": "If"
                              }
                            }
                          },
                          "expression": {
                            "greater": [
                              "@length(outputs('Get_Flow_to_Remove')?['body/value'])",
                              0
                            ]
                          },
                          "metadata": {
                            "operationMetadataId": "be6b0633-0f6d-4016-b71d-6ffe348b280f"
                          },
                          "type": "If"
                        }
                      },
                      "runAfter": {
                        "RemoveFromInventory_-_Workflows": [
                          "Succeeded"
                        ]
                      },
                      "metadata": {
                        "operationMetadataId": "412e64a7-e0d6-408c-996b-4113355f068c"
                      },
                      "type": "Foreach"
                    },
                    "RemoveFromInventory_-_Apps": {
                      "runAfter": {
                        "remove_flow_from_solution_inventory": [
                          "Succeeded"
                        ]
                      },
                      "metadata": {
                        "operationMetadataId": "1e488046-745c-45d5-92e9-ee411980b04e"
                      },
                      "type": "Query",
                      "inputs": {
                        "from": "@body('Select_Inventory_Apps')",
                        "where": "@not(contains(body('Select_Actual_Apps'), item()))"
                      }
                    },
                    "remove_app_from_solution_inventory": {
                      "foreach": "@body('RemoveFromInventory_-_Apps')",
                      "actions": {
                        "Get_App_to_Remove": {
                          "runAfter": {},
                          "metadata": {
                            "operationMetadataId": "8a8ffc2a-1629-4aec-a542-242467286b02"
                          },
                          "type": "OpenApiConnection",
                          "inputs": {
                            "host": {
                              "connectionName": "shared_commondataserviceforapps",
                              "operationId": "ListRecords",
                              "apiId": "/providers/Microsoft.PowerApps/apis/shared_commondataserviceforapps"
                            },
                            "parameters": {
                              "entityName": "admin_apps",
                              "$select": "admin_appid",
                              "$filter": "admin_appidstring  eq @{items('remove_app_from_solution_inventory')?['objectid']} and _admin_appenvironment_value eq @{triggerOutputs()?['body/admin_environmentid']}",
                              "$top": 1
                            },
                            "authentication": "@parameters('$authentication')"
                          }
                        },
                        "If_app_found_to_remove": {
                          "actions": {
                            "Remove_Solution_App": {
                              "runAfter": {},
                              "metadata": {
                                "operationMetadataId": "563e68d0-c3c3-42f3-9ccb-72a2c8eda7d7"
                              },
                              "type": "OpenApiConnection",
                              "inputs": {
                                "host": {
                                  "connectionName": "shared_commondataserviceforapps",
                                  "operationId": "DisassociateEntities",
                                  "apiId": "/providers/Microsoft.PowerApps/apis/shared_commondataserviceforapps"
                                },
                                "parameters": {
                                  "entityName": "admin_solutions",
                                  "recordId": "@items('Apply_to_each_Soln')?['solutionid']",
                                  "associationEntityRelationship": "admin_PPSolution_Apps",
                                  "$id": "@first(outputs('Get_App_To_Remove')?['body/value'])?['@odata.id']"
                                },
                                "authentication": "@parameters('$authentication')"
                              }
                            }
                          },
                          "runAfter": {
                            "Get_App_to_Remove": [
                              "Succeeded"
                            ]
                          },
                          "expression": {
                            "greater": [
                              "@length(outputs('Get_App_to_Remove')?['body/value'])",
                              0
                            ]
                          },
                          "metadata": {
                            "operationMetadataId": "570e6472-8acc-4397-9566-b997c72f838d"
                          },
                          "type": "If"
                        }
                      },
                      "runAfter": {
                        "RemoveFromInventory_-_Apps": [
                          "Succeeded"
                        ]
                      },
                      "metadata": {
                        "operationMetadataId": "eb7d19b0-8b33-4b11-91e0-bd18cb0ec611"
                      },
                      "type": "Foreach"
                    }
                  },
                  "runAfter": {
                    "Get_Current_Actual_Solution_Objects": [
                      "Succeeded"
                    ]
                  },
                  "metadata": {
                    "operationMetadataId": "dd9fe5c6-b867-41b4-bcc0-5fb0ba1f76c5"
                  },
                  "type": "Scope"
                },
                "Add_new_objects_to_solution_inventory": {
                  "actions": {
                    "AddToInventory_-_Workflows": {
                      "runAfter": {},
                      "metadata": {
                        "operationMetadataId": "1d5d30c7-bdc2-4b69-9655-1ea7afb04a68"
                      },
                      "type": "Query",
                      "inputs": {
                        "from": "@body('Select_Actual_Workflows')",
                        "where": "@not(contains(body('Select_Inventory_Workflows'), item()))"
                      }
                    },
                    "add_flow_to_solution_inventory": {
                      "foreach": "@body('AddToInventory_-_Workflows')",
                      "actions": {
                        "Get_Flow_To_Add": {
                          "runAfter": {},
                          "metadata": {
                            "operationMetadataId": "0e403a69-a7c7-43c5-b047-1840668d8e38"
                          },
                          "type": "OpenApiConnection",
                          "inputs": {
                            "host": {
                              "connectionName": "shared_commondataserviceforapps",
                              "operationId": "ListRecords",
                              "apiId": "/providers/Microsoft.PowerApps/apis/shared_commondataserviceforapps"
                            },
                            "parameters": {
                              "entityName": "admin_flows",
                              "$filter": "admin_workflowentityid eq @{items('add_flow_to_solution_inventory')?['objectid']} and _admin_flowenvironment_value eq @{triggerOutputs()?['body/admin_environmentid']}",
                              "$top": 1
                            },
                            "authentication": "@parameters('$authentication')"
                          }
                        },
                        "If_flow_found_to_add": {
                          "actions": {
                            "Add_Solution_Flow": {
                              "runAfter": {},
                              "metadata": {
                                "operationMetadataId": "088ff58d-6c23-4624-8e3d-773aa7614973"
                              },
                              "type": "OpenApiConnection",
                              "inputs": {
                                "host": {
                                  "connectionName": "shared_commondataserviceforapps",
                                  "operationId": "AssociateEntities",
                                  "apiId": "/providers/Microsoft.PowerApps/apis/shared_commondataserviceforapps"
                                },
                                "parameters": {
                                  "entityName": "admin_solutions",
                                  "recordId": "@items('Apply_to_each_Soln')?['solutionid']",
                                  "associationEntityRelationship": "admin_PPSolution_Flow",
                                  "item/@odata.id": "@first(outputs('Get_Flow_To_Add')?['body/value'])?['@odata.id']"
                                },
                                "authentication": "@parameters('$authentication')"
                              }
                            }
                          },
                          "runAfter": {
                            "Get_Flow_To_Add": [
                              "Succeeded"
                            ]
                          },
                          "else": {
                            "actions": {
                              "Get_BPF_to_Add": {
                                "runAfter": {},
                                "metadata": {
                                  "operationMetadataId": "95b995c2-4da0-4f80-834d-ff157d7a50db"
                                },
                                "type": "OpenApiConnection",
                                "inputs": {
                                  "host": {
                                    "connectionName": "shared_commondataserviceforapps",
                                    "operationId": "ListRecords",
                                    "apiId": "/providers/Microsoft.PowerApps/apis/shared_commondataserviceforapps"
                                  },
                                  "parameters": {
                                    "entityName": "admin_businessprocessflowses",
                                    "$filter": "admin_name eq @{items('add_flow_to_solution_inventory')?['objectid']} and _admin_businessprocessflowenvironment_value eq @{triggerOutputs()?['body/admin_environmentid']}",
                                    "$top": 1
                                  },
                                  "authentication": "@parameters('$authentication')"
                                }
                              },
                              "If_BPF_found_to_add": {
                                "actions": {
                                  "Add_Solution_BPF": {
                                    "runAfter": {},
                                    "metadata": {
                                      "operationMetadataId": "ca790e5c-f6da-42cc-90d7-215b9c0103ff"
                                    },
                                    "type": "OpenApiConnection",
                                    "inputs": {
                                      "host": {
                                        "connectionName": "shared_commondataserviceforapps",
                                        "operationId": "AssociateEntities",
                                        "apiId": "/providers/Microsoft.PowerApps/apis/shared_commondataserviceforapps"
                                      },
                                      "parameters": {
                                        "entityName": "admin_solutions",
                                        "recordId": "@items('Apply_to_each_Soln')?['solutionid']",
                                        "associationEntityRelationship": "admin_PPSolution_BPF",
                                        "item/@odata.id": "@first(outputs('Get_BPF_To_Add')?['body/value'])?['@odata.id']"
                                      },
                                      "authentication": "@parameters('$authentication')"
                                    }
                                  }
                                },
                                "runAfter": {
                                  "Get_BPF_to_Add": [
                                    "Succeeded"
                                  ]
                                },
                                "expression": {
                                  "greater": [
                                    "@length(outputs('Get_BPF_to_Add')?['body/value'])",
                                    0
                                  ]
                                },
                                "metadata": {
                                  "operationMetadataId": "466964a7-f57d-4e55-bb6e-1a3df3ddc1b6"
                                },
                                "type": "If"
                              }
                            }
                          },
                          "expression": {
                            "greater": [
                              "@length(outputs('Get_Flow_To_Add')?['body/value'])",
                              0
                            ]
                          },
                          "metadata": {
                            "operationMetadataId": "48e62b0d-6521-4b26-93b6-f03a95db3f01"
                          },
                          "type": "If"
                        }
                      },
                      "runAfter": {
                        "AddToInventory_-_Workflows": [
                          "Succeeded"
                        ]
                      },
                      "metadata": {
                        "operationMetadataId": "b973b73c-0c0d-48a4-8db1-42b282516d4d"
                      },
                      "type": "Foreach",
                      "runtimeConfiguration": {
                        "concurrency": {
                          "repetitions": 50
                        }
                      }
                    },
                    "AddToInventory_-_Apps": {
                      "runAfter": {
                        "add_flow_to_solution_inventory": [
                          "Succeeded"
                        ]
                      },
                      "metadata": {
                        "operationMetadataId": "19e1163f-0169-45be-99d7-d345b1d3de6e"
                      },
                      "type": "Query",
                      "inputs": {
                        "from": "@body('Select_Actual_Apps')",
                        "where": "@not(contains(body('Select_Inventory_Apps'), item()))"
                      }
                    },
                    "add_app_to_solution_inventory": {
                      "foreach": "@body('AddToInventory_-_Apps')",
                      "actions": {
                        "Get_App_to_Add": {
                          "runAfter": {},
                          "metadata": {
                            "operationMetadataId": "305ef6e9-be41-488a-b78e-abeb832b81c5"
                          },
                          "type": "OpenApiConnection",
                          "inputs": {
                            "host": {
                              "connectionName": "shared_commondataserviceforapps",
                              "operationId": "ListRecords",
                              "apiId": "/providers/Microsoft.PowerApps/apis/shared_commondataserviceforapps"
                            },
                            "parameters": {
                              "entityName": "admin_apps",
                              "$select": "admin_appid",
                              "$filter": "admin_appidstring eq @{items('add_app_to_solution_inventory')?['objectid']} and _admin_appenvironment_value eq @{triggerOutputs()?['body/admin_environmentid']}",
                              "$top": 1
                            },
                            "authentication": "@parameters('$authentication')"
                          }
                        },
                        "If_app_found_to_add_": {
                          "actions": {
                            "Add_Solution_App": {
                              "runAfter": {},
                              "metadata": {
                                "operationMetadataId": "73c74ac9-770a-49e9-8444-4697fc875d77"
                              },
                              "type": "OpenApiConnection",
                              "inputs": {
                                "host": {
                                  "connectionName": "shared_commondataserviceforapps",
                                  "operationId": "AssociateEntities",
                                  "apiId": "/providers/Microsoft.PowerApps/apis/shared_commondataserviceforapps"
                                },
                                "parameters": {
                                  "entityName": "admin_solutions",
                                  "recordId": "@items('Apply_to_each_Soln')?['solutionid']",
                                  "associationEntityRelationship": "admin_PPSolution_Apps",
                                  "item/@odata.id": "@first(outputs('Get_App_To_Add')?['body/value'])?['@odata.id']"
                                },
                                "authentication": "@parameters('$authentication')"
                              }
                            }
                          },
                          "runAfter": {
                            "Get_App_to_Add": [
                              "Succeeded"
                            ]
                          },
                          "expression": {
                            "greater": [
                              "@length(outputs('Get_App_to_Add')?['body/value'])",
                              0
                            ]
                          },
                          "metadata": {
                            "operationMetadataId": "28551ded-f5a0-4df2-a136-c7c193bf992d"
                          },
                          "type": "If"
                        }
                      },
                      "runAfter": {
                        "AddToInventory_-_Apps": [
                          "Succeeded"
                        ]
                      },
                      "metadata": {
                        "operationMetadataId": "97e14ee9-ebd2-4ad9-8de1-f7459354a57c"
                      },
                      "type": "Foreach"
                    }
                  },
                  "runAfter": {
                    "Remove_objects_no_longer_in_solution_inventory": [
                      "Succeeded"
                    ]
                  },
                  "metadata": {
                    "operationMetadataId": "fe004022-59f2-4727-9168-97e089e87cc8"
                  },
                  "type": "Scope"
                }
              },
              "runAfter": {
                "Apply_to_each_Soln_Object": [
                  "Succeeded"
                ]
              },
              "metadata": {
                "operationMetadataId": "71d10e4a-0f17-4bd0-b32c-8bc995c65e53"
              },
              "type": "Foreach",
              "runtimeConfiguration": {
                "concurrency": {
                  "repetitions": 50
                }
              }
            },
            "Apply_to_each_Soln_Object": {
              "foreach": "@outputs('List_Solutions')?['body/value']",
              "actions": {
                "Add_Solutions_themselves": {
                  "actions": {
                    "Update_or_Insert_Soln_and_Owner": {
                      "actions": {
                        "See_if_Soln_Needs_Update_To_CoE": {
                          "actions": {
                            "CoE_ModifiedOn": {
                              "runAfter": {},
                              "metadata": {
                                "operationMetadataId": "099790f1-5f28-4a4a-8584-33f16fa1864c"
                              },
                              "type": "Compose",
                              "inputs": "@coalesce(formatDateTime(outputs('Get_Solution_from_CoE')?['body/admin_businessprocessflowmodifiedon'], 'yyyy-MM-dd HH:mm:ss'), '')"
                            },
                            "Set_Soln_NeedsUpdatedInCoE_true_bc_last_modifed_was_null": {
                              "runAfter": {
                                "CoE_ModifiedOn": [
                                  "Failed"
                                ]
                              },
                              "metadata": {
                                "operationMetadataId": "4fc37477-7a2c-4461-b83e-5ca1bf18e71c"
                              },
                              "type": "SetVariable",
                              "inputs": {
                                "name": "Soln_NeedsUpdatedInCoE",
                                "value": "@true"
                              }
                            },
                            "Soln_ModifiedOn": {
                              "runAfter": {
                                "Set_Soln_NeedsUpdatedInCoE_true_bc_last_modifed_was_null": [
                                  "Succeeded",
                                  "Skipped"
                                ]
                              },
                              "metadata": {
                                "operationMetadataId": "8dcbd96b-f378-4f2d-adc7-817f4f9c9111"
                              },
                              "type": "Compose",
                              "inputs": "@formatDateTime(items('Apply_to_each_Soln_Object')?['modifiedon'], 'yyyy-MM-dd HH:mm:ss')"
                            },
                            "Set_Soln_NeedsUpdatedInCoE_true_bc_modifedon_was_null": {
                              "runAfter": {
                                "Soln_ModifiedOn": [
                                  "Failed"
                                ]
                              },
                              "metadata": {
                                "operationMetadataId": "68d687bf-c7c6-4537-8201-17c17d1e39fb"
                              },
                              "type": "SetVariable",
                              "inputs": {
                                "name": "Soln_NeedsUpdatedInCoE",
                                "value": "@true"
                              }
                            },
                            "See_if_needs_updated": {
                              "actions": {
                                "Set_Soln_NeedsUpdatedInCoE_true": {
                                  "runAfter": {},
                                  "metadata": {
                                    "operationMetadataId": "97e50298-1e8e-4c34-9ebf-ccdcdfa2b441"
                                  },
                                  "type": "SetVariable",
                                  "inputs": {
                                    "name": "Soln_NeedsUpdatedInCoE",
                                    "value": "@true"
                                  }
                                }
                              },
                              "runAfter": {
                                "Set_Soln_NeedsUpdatedInCoE_true_bc_modifedon_was_null": [
                                  "Succeeded",
                                  "Skipped"
                                ]
                              },
                              "expression": {
                                "or": [
                                  {
                                    "equals": [
                                      "@parameters('FullInventory (admin_FullInventory)')",
                                      "True"
                                    ]
                                  },
                                  {
                                    "equals": [
                                      "@variables('Soln_NeedsUpdatedInCoE')",
                                      "@true"
                                    ]
                                  },
                                  {
                                    "equals": [
                                      "@less(outputs('CoE_ModifiedOn'), outputs('Soln_ModifiedOn'))",
                                      "@true"
                                    ]
                                  }
                                ]
                              },
                              "metadata": {
                                "operationMetadataId": "2bab952f-3749-450e-b4dc-011e57ba2b68"
                              },
                              "type": "If"
                            }
                          },
                          "runAfter": {},
                          "metadata": {
                            "operationMetadataId": "3d281cad-2845-4a78-a58d-52027cbc30e7"
                          },
                          "type": "Scope"
                        },
                        "Only_proceed_if_changed_since_last_updated_in_CoE_or_FullInventory": {
                          "actions": {
                            "Run_a_Child_Flow": {
                              "runAfter": {},
                              "metadata": {
                                "operationMetadataId": "3562efe5-74e1-4106-94e8-c06bd84ca311"
                              },
                              "type": "Workflow",
                              "inputs": {
                                "host": {
                                  "workflowReferenceName": "9301f01a-cb40-ec11-8c62-00224829b4c1"
                                },
                                "body": {
                                  "text": "@if(equals(body('Get_Soln_Owner')?['azureactivedirectoryobjectid'], null), '', body('Get_Soln_Owner')?['azureactivedirectoryobjectid'])",
                                  "text_1": "@body('Get_Soln_Owner')?['fullname']",
                                  "boolean": false
                                }
                              }
                            },
                            "Check_if_Orphan_-_Edit": {
                              "actions": {
                                "Update_Soln_(Orphaned)": {
                                  "runAfter": {},
                                  "metadata": {
                                    "operationMetadataId": "0db93b90-f4db-4f51-b992-acb5de561b97"
                                  },
                                  "type": "OpenApiConnection",
                                  "inputs": {
                                    "host": {
                                      "connectionName": "shared_commondataserviceforapps",
                                      "operationId": "UpdateRecord",
                                      "apiId": "/providers/Microsoft.PowerApps/apis/shared_commondataserviceforapps"
                                    },
                                    "parameters": {
                                      "entityName": "admin_solutions",
                                      "recordId": "@items('Apply_to_each_Soln_Object')?['solutionid']",
                                      "item/admin_name": "@items('Apply_to_each_Soln_Object')?['uniquename']",
                                      "item/admin_solutioncreatedon": "@items('Apply_to_each_Soln_Object')?['createdon']",
                                      "item/admin_solutiondeleted": false,
                                      "item/admin_solutiondeletedon": "@null",
                                      "item/admin_solutiondescription": "@coalesce(items('Apply_to_each_Soln_Object')?['description'], '')",
                                      "item/admin_solutiondisplayname": "@items('Apply_to_each_Soln_Object')?['friendlyname']",
                                      "item/admin_SolutionEnvironment@odata.bind": "admin_environments(@{triggerBody()?['admin_environmentid']})",
                                      "item/admin_solutionenvironmentdisplayname": "@triggerOutputs()?['body/admin_displayname']",
                                      "item/admin_solutioninstalledon": "@items('Apply_to_each_Soln_Object')?['installedon']",
                                      "item/admin_solutionismanaged": "@items('Apply_to_each_Soln_Object')?['ismanaged']",
                                      "item/admin_solutionisorphaned": "yes",
                                      "item/admin_solutionmodifiedon": "@items('Apply_to_each_Soln_Object')?['modifiedon']",
                                      "item/admin_solutionpublisher": "@body('Get_Soln_Publisher')?['friendlyname']",
                                      "item/admin_solutionversion": "@items('Apply_to_each_Soln_Object')?['version']"
                                    },
                                    "authentication": "@parameters('$authentication')"
                                  }
                                }
                              },
                              "runAfter": {
                                "Run_a_Child_Flow": [
                                  "Succeeded"
                                ]
                              },
                              "else": {
                                "actions": {
                                  "Update_Soln": {
                                    "runAfter": {},
                                    "metadata": {
                                      "operationMetadataId": "7b9cedc9-fa34-4482-8722-72dcb1afa36a"
                                    },
                                    "type": "OpenApiConnection",
                                    "inputs": {
                                      "host": {
                                        "connectionName": "shared_commondataserviceforapps",
                                        "operationId": "UpdateRecord",
                                        "apiId": "/providers/Microsoft.PowerApps/apis/shared_commondataserviceforapps"
                                      },
                                      "parameters": {
                                        "entityName": "admin_solutions",
                                        "recordId": "@items('Apply_to_each_Soln_Object')?['solutionid']",
                                        "item/admin_name": "@items('Apply_to_each_Soln_Object')?['uniquename']",
                                        "item/admin_solutioncreatedon": "@items('Apply_to_each_Soln_Object')?['createdon']",
                                        "item/admin_SolutionCreator@odata.bind": "admin_makers(@{body('Run_a_Child_Flow')?['userid']})",
                                        "item/admin_solutioncreatordisplayname": "@body('Run_a_Child_Flow')?['userdisplayname']",
                                        "item/admin_solutiondeleted": false,
                                        "item/admin_solutiondeletedon": "@null",
                                        "item/admin_solutiondescription": "@coalesce(items('Apply_to_each_Soln_Object')?['description'], '')",
                                        "item/admin_solutiondisplayname": "@items('Apply_to_each_Soln_Object')?['friendlyname']",
                                        "item/admin_SolutionEnvironment@odata.bind": "admin_environments(@{triggerBody()?['admin_environmentid']})",
                                        "item/admin_solutionenvironmentdisplayname": "@triggerOutputs()?['body/admin_displayname']",
                                        "item/admin_solutioninstalledon": "@items('Apply_to_each_Soln_Object')?['installedon']",
                                        "item/admin_solutionismanaged": "@items('Apply_to_each_Soln_Object')?['ismanaged']",
                                        "item/admin_solutionisorphaned": "no",
                                        "item/admin_solutionmodifiedon": "@items('Apply_to_each_Soln_Object')?['modifiedon']",
                                        "item/admin_solutionpublisher": "@body('Get_Soln_Publisher')?['friendlyname']",
                                        "item/admin_solutionversion": "@items('Apply_to_each_Soln_Object')?['version']"
                                      },
                                      "authentication": "@parameters('$authentication')"
                                    }
                                  }
                                }
                              },
                              "expression": {
                                "equals": [
                                  "@body('Run_a_Child_Flow')?['userisorphan']",
                                  "True"
                                ]
                              },
                              "metadata": {
                                "operationMetadataId": "94189860-9bac-4df5-bf33-168a2d468e02"
                              },
                              "type": "If"
                            }
                          },
                          "runAfter": {
                            "See_if_Soln_Needs_Update_To_CoE": [
                              "Succeeded"
                            ]
                          },
                          "expression": {
                            "equals": [
                              "@variables('Soln_NeedsUpdatedInCoE')",
                              "@true"
                            ]
                          },
                          "metadata": {
                            "operationMetadataId": "f29a768b-d916-4073-9d95-617f6cdf03ea"
                          },
                          "type": "If"
                        }
                      },
                      "runAfter": {
                        "if_not_found,_set_isNewToCoE_to_true": [
                          "Succeeded",
                          "Skipped"
                        ]
                      },
                      "else": {
                        "actions": {
                          "Maker_Check_-_New": {
                            "runAfter": {},
                            "metadata": {
                              "operationMetadataId": "395cdc0c-3396-4ebe-b2ea-e3ebfafaf286"
                            },
                            "type": "Workflow",
                            "inputs": {
                              "host": {
                                "workflowReferenceName": "9301f01a-cb40-ec11-8c62-00224829b4c1"
                              },
                              "body": {
                                "text": "@if(equals(body('Get_Soln_Owner')?['azureactivedirectoryobjectid'], null), '', body('Get_Soln_Owner')?['azureactivedirectoryobjectid'])",
                                "text_1": "@body('Get_Soln_Owner')?['fullname']",
                                "boolean": false
                              }
                            }
                          },
                          "Check_if_Orphan_-_New": {
                            "actions": {
                              "Create_Soln_(Orphaned)": {
                                "runAfter": {},
                                "metadata": {
                                  "operationMetadataId": "b9a9ee54-6ddf-4456-ac70-2a7850e8fad9"
                                },
                                "type": "OpenApiConnection",
                                "inputs": {
                                  "host": {
                                    "connectionName": "shared_commondataserviceforapps",
                                    "operationId": "CreateRecord",
                                    "apiId": "/providers/Microsoft.PowerApps/apis/shared_commondataserviceforapps"
                                  },
                                  "parameters": {
                                    "entityName": "admin_solutions",
                                    "item/admin_name": "@items('Apply_to_each_Soln_Object')?['uniquename']",
                                    "item/admin_recordguidasstring": "@items('Apply_to_each_Soln_Object')?['solutionid']",
                                    "item/admin_solutionid": "@items('Apply_to_each_Soln_Object')?['solutionid']",
                                    "item/admin_solutioncreatedon": "@items('Apply_to_each_Soln_Object')?['createdon']",
                                    "item/admin_solutiondeleted": false,
                                    "item/admin_solutiondescription": "@coalesce(items('Apply_to_each_Soln_Object')?['description'], '')",
                                    "item/admin_solutiondisplayname": "@items('Apply_to_each_Soln_Object')?['friendlyname']",
                                    "item/admin_SolutionEnvironment@odata.bind": "admin_environments(@{triggerBody()?['admin_environmentid']})",
                                    "item/admin_solutionenvironmentdisplayname": "@triggerOutputs()?['body/admin_displayname']",
                                    "item/admin_solutioninstalledon": "@items('Apply_to_each_Soln_Object')?['installedon']",
                                    "item/admin_solutionismanaged": "@items('Apply_to_each_Soln_Object')?['ismanaged']",
                                    "item/admin_solutionisorphaned": "yes",
                                    "item/admin_solutionmodifiedon": "@items('Apply_to_each_Soln_Object')?['modifiedon']",
                                    "item/admin_solutionpublisher": "@body('Get_Soln_Publisher')?['friendlyname']",
                                    "item/admin_solutionversion": "@items('Apply_to_each_Soln_Object')?['version']"
                                  },
                                  "authentication": "@parameters('$authentication')"
                                }
                              }
                            },
                            "runAfter": {
                              "Maker_Check_-_New": [
                                "Succeeded"
                              ]
                            },
                            "else": {
                              "actions": {
                                "Create_Soln": {
                                  "runAfter": {},
                                  "metadata": {
                                    "operationMetadataId": "cd96d0f3-6fcc-4664-b5ec-bbfacd2c0106"
                                  },
                                  "type": "OpenApiConnection",
                                  "inputs": {
                                    "host": {
                                      "connectionName": "shared_commondataserviceforapps",
                                      "operationId": "CreateRecord",
                                      "apiId": "/providers/Microsoft.PowerApps/apis/shared_commondataserviceforapps"
                                    },
                                    "parameters": {
                                      "entityName": "admin_solutions",
                                      "item/admin_name": "@items('Apply_to_each_Soln_Object')?['uniquename']",
                                      "item/admin_recordguidasstring": "@items('Apply_to_each_Soln_Object')?['solutionid']",
                                      "item/admin_solutionid": "@items('Apply_to_each_Soln_Object')?['solutionid']",
                                      "item/admin_solutioncreatedon": "@items('Apply_to_each_Soln_Object')?['createdon']",
                                      "item/admin_SolutionCreator@odata.bind": "admin_makers(@{outputs('Maker_Check_-_New')?['Body']?['userid']})",
                                      "item/admin_solutioncreatordisplayname": "@body('Maker_Check_-_New')?['userdisplayname']",
                                      "item/admin_solutiondeleted": false,
                                      "item/admin_solutiondescription": "@coalesce(items('Apply_to_each_Soln_Object')?['description'], '')",
                                      "item/admin_solutiondisplayname": "@items('Apply_to_each_Soln_Object')?['friendlyname']",
                                      "item/admin_SolutionEnvironment@odata.bind": "admin_environments(@{triggerBody()?['admin_environmentid']})",
                                      "item/admin_solutionenvironmentdisplayname": "@triggerOutputs()?['body/admin_displayname']",
                                      "item/admin_solutioninstalledon": "@items('Apply_to_each_Soln_Object')?['installedon']",
                                      "item/admin_solutionismanaged": "@items('Apply_to_each_Soln_Object')?['ismanaged']",
                                      "item/admin_solutionisorphaned": "no",
                                      "item/admin_solutionmodifiedon": "@items('Apply_to_each_Soln_Object')?['modifiedon']",
                                      "item/admin_solutionpublisher": "@body('Get_Soln_Publisher')?['friendlyname']",
                                      "item/admin_solutionversion": "@items('Apply_to_each_Soln_Object')?['version']"
                                    },
                                    "authentication": "@parameters('$authentication')"
                                  }
                                }
                              }
                            },
                            "expression": {
                              "equals": [
                                "@body('Maker_Check_-_New')?['userisorphan']",
                                "True"
                              ]
                            },
                            "metadata": {
                              "operationMetadataId": "930204d9-ce43-4283-881c-2801a60fd16e"
                            },
                            "type": "If"
                          }
                        }
                      },
                      "expression": {
                        "equals": [
                          "@variables('isNewToCoE')",
                          "@false"
                        ]
                      },
                      "metadata": {
                        "operationMetadataId": "2049abd5-43c8-4a0a-bee2-56b271e16482"
                      },
                      "type": "If"
                    },
                    "if_not_found,_set_isNewToCoE_to_true": {
                      "runAfter": {
                        "Get_Solution_from_CoE": [
                          "Failed"
                        ]
                      },
                      "metadata": {
                        "operationMetadataId": "59a0cdba-5550-4d27-ac20-bcb228da147f"
                      },
                      "type": "SetVariable",
                      "inputs": {
                        "name": "isNewToCoE",
                        "value": "@true"
                      }
                    },
                    "Get_Solution_from_CoE": {
                      "runAfter": {
                        "Get_Soln_Publisher": [
                          "Succeeded"
                        ]
                      },
                      "metadata": {
                        "operationMetadataId": "8c833560-1466-48f4-a502-fd356bdc9cde"
                      },
                      "type": "OpenApiConnection",
                      "inputs": {
                        "host": {
                          "connectionName": "shared_commondataserviceforapps",
                          "operationId": "GetItem",
                          "apiId": "/providers/Microsoft.PowerApps/apis/shared_commondataserviceforapps"
                        },
                        "parameters": {
                          "entityName": "admin_solutions",
                          "recordId": "@items('Apply_to_each_Soln_Object')?['solutionid']"
                        },
                        "authentication": "@parameters('$authentication')"
                      }
                    },
                    "Get_Soln_Publisher": {
                      "runAfter": {
                        "Get_Soln_Owner": [
                          "Succeeded"
                        ]
                      },
                      "metadata": {
                        "operationMetadataId": "573598b3-98f4-430a-ac38-23c47fd98333"
                      },
                      "type": "OpenApiConnection",
                      "inputs": {
                        "host": {
                          "connectionName": "shared_commondataservice_1",
                          "operationId": "GetItem_V2",
                          "apiId": "/providers/Microsoft.PowerApps/apis/shared_commondataservice"
                        },
                        "parameters": {
                          "dataset": "@triggerOutputs()?['body/admin_environmentcdsmetadataname']",
                          "table": "publishers",
                          "id": "@items('Apply_to_each_Soln_Object')?['_publisherid_value']"
                        },
                        "authentication": "@parameters('$authentication')"
                      }
                    },
                    "Get_Soln_Owner": {
                      "runAfter": {
                        "Reset_Soln_NeedsUpdatedInCoE": [
                          "Succeeded"
                        ]
                      },
                      "metadata": {
                        "operationMetadataId": "573598b3-98f4-430a-ac38-23c47fd98333"
                      },
                      "type": "OpenApiConnection",
                      "inputs": {
                        "host": {
                          "connectionName": "shared_commondataservice_1",
                          "operationId": "GetItem_V2",
                          "apiId": "/providers/Microsoft.PowerApps/apis/shared_commondataservice"
                        },
                        "parameters": {
                          "dataset": "@triggerOutputs()?['body/admin_environmentcdsmetadataname']",
                          "table": "systemusers",
                          "id": "@items('Apply_to_each_Soln_Object')?['_createdby_value']"
                        },
                        "authentication": "@parameters('$authentication')"
                      }
                    },
                    "Reset_Soln_NeedsUpdatedInCoE": {
                      "runAfter": {
                        "Reset_isNewToCoE": [
                          "Succeeded"
                        ]
                      },
                      "metadata": {
                        "operationMetadataId": "1fa03a7e-4e91-48fa-ae35-fcf556963885"
                      },
                      "type": "SetVariable",
                      "inputs": {
                        "name": "Soln_NeedsUpdatedInCoE",
                        "value": "@false"
                      }
                    },
                    "Reset_isNewToCoE": {
                      "runAfter": {},
                      "metadata": {
                        "operationMetadataId": "0026ab47-6260-4024-ae1b-2ef07b41847c"
                      },
                      "type": "SetVariable",
                      "inputs": {
                        "name": "isNewToCoE",
                        "value": "@false"
                      }
                    }
                  },
                  "runAfter": {},
                  "metadata": {
                    "operationMetadataId": "70848c8a-0715-4632-a8e6-cdea7f710c1b"
                  },
                  "type": "Scope"
                }
              },
              "runAfter": {},
              "metadata": {
                "operationMetadataId": "71d10e4a-0f17-4bd0-b32c-8bc995c65e53"
              },
              "type": "Foreach"
            }
          },
          "runAfter": {
            "Initialize_Soln_NeedsUpdatedInCoE": [
              "Succeeded"
            ]
          },
          "metadata": {
            "operationMetadataId": "fc05dedd-2ece-4ac0-b01e-15e35895259c"
          },
          "type": "Scope"
        }
      }
    }
  },
  "schemaVersion": "1.0.0.0"
}