{
  "properties": {
    "connectionReferences": {
      "shared_powerplatformforadmins": {
        "runtimeSource": "embedded",
        "connection": {
          "connectionReferenceLogicalName": "admin_CoECorePowerPlatformforAdmins"
        },
        "api": {
          "name": "shared_powerplatformforadmins"
        }
      },
      "shared_commondataserviceforapps": {
        "impersonation": {},
        "runtimeSource": "embedded",
        "connection": {
          "connectionReferenceLogicalName": "admin_CoECoreDataverse2"
        },
        "api": {
          "name": "shared_commondataserviceforapps"
        }
      }
    },
    "definition": {
      "$schema": "https://schema.management.azure.com/providers/Microsoft.Logic/schemas/2016-06-01/workflowdefinition.json#",
      "contentVersion": "1.0.0.0",
      "parameters": {
        "$connections": {
          "defaultValue": {},
          "type": "Object"
        },
        "$authentication": {
          "defaultValue": {},
          "type": "SecureObject"
        }
      },
      "staticResults": {
        "List_Environments_as_Admin0": {
          "status": "Succeeded",
          "outputs": {
            "headers": {},
            "statusCode": "OK"
          }
        }
      },
      "triggers": {
        "Recurrence": {
          "recurrence": {
            "frequency": "Week",
            "interval": 2,
            "schedule": {
              "weekDays": [
                "Sunday"
              ]
            }
          },
          "metadata": {
            "operationMetadataId": "dfea51a6-5983-4b22-8184-81d82afc33d5"
          },
          "type": "Recurrence"
        }
      },
      "actions": {
        "Initialize_Group_Size": {
          "runAfter": {
            "Initialize_variable_EnvironmentName": [
              "Succeeded"
            ]
          },
          "metadata": {
            "operationMetadataId": "15112ecf-0eed-4f0e-b6b6-1bf233b1a35a"
          },
          "type": "InitializeVariable",
          "inputs": {
            "variables": [
              {
                "name": "sharedGroupSize",
                "type": "integer",
                "value": 0
              }
            ]
          }
        },
        "Initialize_User_Role_ID": {
          "runAfter": {
            "Initialize_Group_Size": [
              "Succeeded"
            ]
          },
          "metadata": {
            "operationMetadataId": "52b3801e-558c-4e01-ac88-1d93e1cb74cd"
          },
          "type": "InitializeVariable",
          "inputs": {
            "variables": [
              {
                "name": "userRoleObject",
                "type": "string"
              }
            ]
          }
        },
        "Initialize_variable": {
          "runAfter": {
            "Initialize_User_Role_ID": [
              "Succeeded"
            ]
          },
          "metadata": {
            "operationMetadataId": "34f4bf8f-5182-4f45-bcd3-ad47dc6d2109"
          },
          "type": "InitializeVariable",
          "inputs": {
            "variables": [
              {
                "name": "oData",
                "type": "string"
              }
            ]
          }
        },
        "Initialize_variable_EnvironmentName": {
          "runAfter": {},
          "metadata": {
            "operationMetadataId": "dfff9735-326a-4eb8-a7d2-37eb4c4b1c34"
          },
          "type": "InitializeVariable",
          "inputs": {
            "variables": [
              {
                "name": "EnvironmentName",
                "type": "string"
              }
            ]
          }
        },
        "List_Environments_as_Admin": {
          "runAfter": {
            "Initialize_variable": [
              "Succeeded"
            ]
          },
          "metadata": {
            "operationMetadataId": "73f89423-4c2d-4bc9-be74-44b354fa5852"
          },
          "type": "OpenApiConnection",
          "inputs": {
            "host": {
              "apiId": "/providers/Microsoft.PowerApps/apis/shared_powerplatformforadmins",
              "connectionName": "shared_powerplatformforadmins",
              "operationId": "Get-AdminEnvironment"
            },
            "parameters": {
              "api-version": "2020-06-01"
            },
            "retryPolicy": {
              "type": "exponential",
              "count": 10,
              "interval": "PT10S"
            },
            "authentication": "@parameters('$authentication')"
          },
          "runtimeConfiguration": {
            "paginationPolicy": {
              "minimumItemCount": 100000
            },
            "staticResult": {
              "staticResultOptions": "Disabled",
              "name": "List_Environments_as_Admin0"
            }
          }
        },
        "Walk_Each_Environment": {
          "foreach": "@outputs('List_Environments_as_Admin')?['body/value']",
          "actions": {
            "Get_Environment_": {
              "actions": {
                "Envt_Name": {
                  "runAfter": {},
                  "metadata": {
                    "operationMetadataId": "0fb34ded-674a-4a4c-a5e6-cee89054b3b9"
                  },
                  "type": "Compose",
                  "inputs": "@substring(items('Walk_Each_Environment')?['name'], sub(length(items('Walk_Each_Environment')?['name']), 36), 36)"
                },
                "Get_Envt_from_CoE": {
                  "runAfter": {
                    "Envt_Name": [
                      "Succeeded"
                    ]
                  },
                  "metadata": {
                    "operationMetadataId": "54b52490-e83e-4e1b-a4ed-07a47a158198"
                  },
                  "type": "OpenApiConnection",
                  "inputs": {
                    "host": {
                      "apiId": "/providers/Microsoft.PowerApps/apis/shared_commondataserviceforapps",
                      "connectionName": "shared_commondataserviceforapps",
                      "operationId": "ListRecords"
                    },
                    "parameters": {
                      "entityName": "admin_environments",
                      "$select": "admin_environmentid",
                      "$filter": "admin_environmentid eq @{outputs('Envt_Name')}"
                    },
                    "retryPolicy": {
                      "type": "exponential",
                      "count": 10,
                      "interval": "PT10S"
                    },
                    "authentication": "@parameters('$authentication')"
                  }
                }
              },
              "runAfter": {},
              "metadata": {
                "operationMetadataId": "68d4ddc0-5ed6-42fc-b4be-d871e15fee07"
              },
              "type": "Scope"
            },
            "Proceed_if_Envt_already_in_CoE": {
              "actions": {
                "Run_a_Child_Flow": {
                  "runAfter": {},
                  "metadata": {
                    "operationMetadataId": "befc6b29-fc3f-4b85-8d12-44175d6ed753"
                  },
                  "type": "Workflow",
                  "inputs": {
                    "host": {
                      "workflowReferenceName": "1f3f24ff-c717-ec11-b6e6-000d3a1c26f9"
                    },
                    "body": {
                      "text": "@items('Walk_Each_Environment')?['name']"
                    }
                  }
                }
              },
              "runAfter": {
                "Get_Environment_": [
                  "Succeeded"
                ]
              },
              "expression": {
                "greater": [
                  "@length(outputs('Get_Envt_from_CoE')?['body/value'])",
                  0
                ]
              },
              "metadata": {
                "operationMetadataId": "918d8285-af37-4498-88ce-d4754fbcf7d3"
              },
              "type": "If"
            }
          },
          "runAfter": {
            "List_Environments_as_Admin": [
              "Succeeded"
            ]
          },
          "metadata": {
            "operationMetadataId": "b2b7ab70-1460-4ddd-925e-b892f23e368a"
          },
          "type": "Foreach",
          "runtimeConfiguration": {
            "concurrency": {
              "repetitions": 50
            }
          }
        }
      },
      "outputs": {}
    }
  },
  "schemaVersion": "1.0.0.0"
}