{
  "properties": {
    "connectionReferences": {
      "shared_commondataserviceforapps": {
        "runtimeSource": "embedded",
        "connection": {
          "connectionReferenceLogicalName": "admin_CoECoreDataverse2"
        },
        "api": {
          "name": "shared_commondataserviceforapps"
        }
      },
      "shared_commondataserviceforapps_1": {
        "runtimeSource": "embedded",
        "connection": {
          "connectionReferenceLogicalName": "admin_sharedcommondataserviceforapps_98924"
        },
        "api": {
          "name": "shared_commondataserviceforapps"
        }
      },
      "shared_commondataserviceforapps_2": {
        "runtimeSource": "embedded",
        "connection": {
          "connectionReferenceLogicalName": "admin_sharedcommondataserviceforapps_98924"
        },
        "api": {
          "name": "shared_commondataserviceforapps"
        }
      }
    },
    "definition": {
      "$schema": "https://schema.management.azure.com/providers/Microsoft.Logic/schemas/2016-06-01/workflowdefinition.json#",
      "contentVersion": "1.0.0.0",
      "parameters": {
        "$connections": {
          "defaultValue": {},
          "type": "Object"
        },
        "$authentication": {
          "defaultValue": {},
          "type": "SecureObject"
        },
        "Power Automate Environment Variable (admin_PowerAutomateEnvironmentVariable)": {
          "defaultValue": "https://us.flow.microsoft.com/manage/environments/",
          "type": "String",
          "metadata": {
            "schemaName": "admin_PowerAutomateEnvironmentVariable",
            "description": "Environment, including geographic location, for Power Automate - Ex for commercial: https://flow.microsoft.com/manage/environments/"
          }
        }
      },
      "triggers": {
        "Recurrence": {
          "recurrence": {
            "frequency": "Day",
            "interval": 1
          },
          "metadata": {
            "operationMetadataId": "9ea14700-14e3-4033-8dbe-ab373f616aed"
          },
          "type": "Recurrence"
        }
      },
      "actions": {
        "Delete_Bad_Data": {
          "actions": {
            "Delete_Apps_without_Environments": {
              "foreach": "@outputs('List_Apps_with_No_Environment')?['body/value']",
              "actions": {
                "Delete_app_without_environment": {
                  "runAfter": {},
                  "metadata": {
                    "operationMetadataId": "dc126169-c330-492a-b00a-8daa4d2a1ab9"
                  },
                  "type": "OpenApiConnection",
                  "inputs": {
                    "host": {
                      "connectionName": "shared_commondataserviceforapps",
                      "operationId": "DeleteRecord",
                      "apiId": "/providers/Microsoft.PowerApps/apis/shared_commondataserviceforapps"
                    },
                    "parameters": {
                      "entityName": "admin_apps",
                      "recordId": "@items('Delete_Apps_without_Environments')?['admin_appid']"
                    },
                    "authentication": "@parameters('$authentication')",
                    "retryPolicy": {
                      "type": "exponential",
                      "count": 10,
                      "interval": "PT10S"
                    }
                  }
                }
              },
              "runAfter": {
                "List_Apps_with_No_Environment": [
                  "Succeeded"
                ]
              },
              "metadata": {
                "operationMetadataId": "8dd95172-956f-4eea-b3b8-54ed2a82e270"
              },
              "type": "Foreach",
              "runtimeConfiguration": {
                "concurrency": {
                  "repetitions": 50
                }
              }
            },
            "Delete_CoE_Connection_References_with_neither_app_nor_flow": {
              "foreach": "@outputs('List_CoE_Connection_References_with_neither_app_nor_flow')?['body/value']",
              "actions": {
                "Delete_connection_reference_2": {
                  "runAfter": {},
                  "metadata": {
                    "operationMetadataId": "677810dd-3534-435e-8133-34f992d476c9"
                  },
                  "type": "OpenApiConnection",
                  "inputs": {
                    "host": {
                      "connectionName": "shared_commondataserviceforapps",
                      "operationId": "DeleteRecord",
                      "apiId": "/providers/Microsoft.PowerApps/apis/shared_commondataserviceforapps"
                    },
                    "parameters": {
                      "entityName": "admin_connectionreferences",
                      "recordId": "@items('Delete_CoE_Connection_References_with_neither_app_nor_flow')?['admin_connectionreferenceid']"
                    },
                    "authentication": "@parameters('$authentication')",
                    "retryPolicy": {
                      "type": "exponential",
                      "count": 10,
                      "interval": "PT10S"
                    }
                  }
                }
              },
              "runAfter": {
                "List_CoE_Connection_References_with_neither_app_nor_flow": [
                  "Succeeded"
                ]
              },
              "metadata": {
                "operationMetadataId": "35591c09-578c-4b91-8ae4-c60b314b9f34"
              },
              "type": "Foreach",
              "runtimeConfiguration": {
                "concurrency": {
                  "repetitions": 50
                }
              }
            },
            "Delete_CoE_Connection_References_with_no_Connection": {
              "foreach": "@outputs('List_CoE_Connection_References_with_no_Connection')?['body/value']",
              "actions": {
                "Delete_connection_reference": {
                  "runAfter": {},
                  "metadata": {
                    "operationMetadataId": "853a98fa-3b6c-4a0b-8564-db0faed9278d"
                  },
                  "type": "OpenApiConnection",
                  "inputs": {
                    "host": {
                      "connectionName": "shared_commondataserviceforapps",
                      "operationId": "DeleteRecord",
                      "apiId": "/providers/Microsoft.PowerApps/apis/shared_commondataserviceforapps"
                    },
                    "parameters": {
                      "entityName": "admin_connectionreferences",
                      "recordId": "@items('Delete_CoE_Connection_References_with_no_Connection')?['admin_connectionreferenceid']"
                    },
                    "authentication": "@parameters('$authentication')",
                    "retryPolicy": {
                      "type": "exponential",
                      "count": 10,
                      "interval": "PT10S"
                    }
                  }
                }
              },
              "runAfter": {
                "List_CoE_Connection_References_with_no_Connection": [
                  "Succeeded"
                ]
              },
              "metadata": {
                "operationMetadataId": "fc46dc85-83f1-45f5-bc7e-69c00ee54e23"
              },
              "type": "Foreach",
              "runtimeConfiguration": {
                "concurrency": {
                  "repetitions": 50
                }
              }
            },
            "Delete_Custom_Connection_with_no_Environmnet": {
              "foreach": "@outputs('List_Custom_Connection_with_no_Environment')?['body/value']",
              "actions": {
                "Delete_custom_connection": {
                  "runAfter": {},
                  "metadata": {
                    "operationMetadataId": "69aadfd8-3d26-4edf-9a36-26522eeede35"
                  },
                  "type": "OpenApiConnection",
                  "inputs": {
                    "host": {
                      "connectionName": "shared_commondataserviceforapps",
                      "operationId": "DeleteRecord",
                      "apiId": "/providers/Microsoft.PowerApps/apis/shared_commondataserviceforapps"
                    },
                    "parameters": {
                      "entityName": "admin_connectors",
                      "recordId": "@items('Delete_Custom_Connection_with_no_Environmnet')?['admin_connectorid']"
                    },
                    "authentication": "@parameters('$authentication')",
                    "retryPolicy": {
                      "type": "exponential",
                      "count": 10,
                      "interval": "PT10S"
                    }
                  }
                }
              },
              "runAfter": {
                "List_Custom_Connection_with_no_Environment": [
                  "Succeeded"
                ]
              },
              "metadata": {
                "operationMetadataId": "e66f5aeb-4fc1-4ed1-843c-4abffd52eb9c"
              },
              "type": "Foreach",
              "runtimeConfiguration": {
                "concurrency": {
                  "repetitions": 50
                }
              }
            },
            "Delete_Desktop_Flows_without_Environments": {
              "foreach": "@outputs('List_Desktop_Flows_with_No_Environment')?['body/value']",
              "actions": {
                "Delete_desktop_flow_without_environment": {
                  "runAfter": {},
                  "metadata": {
                    "operationMetadataId": "31bbf152-4690-47be-bd6e-012bd414a7b3"
                  },
                  "type": "OpenApiConnection",
                  "inputs": {
                    "host": {
                      "connectionName": "shared_commondataserviceforapps",
                      "operationId": "DeleteRecord",
                      "apiId": "/providers/Microsoft.PowerApps/apis/shared_commondataserviceforapps"
                    },
                    "parameters": {
                      "entityName": "admin_rpas",
                      "recordId": "@items('Delete_Desktop_Flows_without_Environments')?['admin_rpaid']"
                    },
                    "authentication": "@parameters('$authentication')"
                  }
                }
              },
              "runAfter": {
                "List_Desktop_Flows_with_No_Environment": [
                  "Succeeded"
                ]
              },
              "metadata": {
                "operationMetadataId": "47576a0d-e1ab-489c-81ee-afd97f469d4b"
              },
              "type": "Foreach",
              "runtimeConfiguration": {
                "concurrency": {
                  "repetitions": 50
                }
              }
            },
            "Delete_Flow_Actions_with_no_Flow_or_Envt": {
              "foreach": "@outputs('List_Flow_Actions_with_no_Flow_or_no_Envt')?['body/value']",
              "actions": {
                "Delete_flow_action_detail": {
                  "runAfter": {},
                  "metadata": {
                    "operationMetadataId": "55ee5804-bf70-4ca2-b71d-7176a2d127eb"
                  },
                  "type": "OpenApiConnection",
                  "inputs": {
                    "host": {
                      "connectionName": "shared_commondataserviceforapps",
                      "operationId": "DeleteRecord",
                      "apiId": "/providers/Microsoft.PowerApps/apis/shared_commondataserviceforapps"
                    },
                    "parameters": {
                      "entityName": "admin_flowactiondetails",
                      "recordId": "@items('Delete_Flow_Actions_with_no_Flow_or_Envt')?['admin_flowactiondetailid']"
                    },
                    "authentication": "@parameters('$authentication')",
                    "retryPolicy": {
                      "type": "exponential",
                      "count": 10,
                      "interval": "PT10S"
                    }
                  }
                }
              },
              "runAfter": {
                "List_Flow_Actions_with_no_Flow_or_no_Envt": [
                  "Succeeded"
                ]
              },
              "metadata": {
                "operationMetadataId": "6bd64752-f597-4d22-9b99-581461917cd6"
              },
              "type": "Foreach",
              "runtimeConfiguration": {
                "concurrency": {
                  "repetitions": 50
                }
              }
            },
            "Delete_Flows_without_Environments": {
              "foreach": "@outputs('List_Flow_with_No_Environment')?['body/value']",
              "actions": {
                "Delete_flow_without_environment": {
                  "runAfter": {},
                  "metadata": {
                    "operationMetadataId": "5af39d79-131f-4f6f-82ee-fd5c4ca032fd"
                  },
                  "type": "OpenApiConnection",
                  "inputs": {
                    "host": {
                      "connectionName": "shared_commondataserviceforapps",
                      "operationId": "DeleteRecord",
                      "apiId": "/providers/Microsoft.PowerApps/apis/shared_commondataserviceforapps"
                    },
                    "parameters": {
                      "entityName": "admin_flows",
                      "recordId": "@items('Delete_Flows_without_Environments')?['admin_flowid']"
                    },
                    "authentication": "@parameters('$authentication')",
                    "retryPolicy": {
                      "type": "exponential",
                      "count": 10,
                      "interval": "PT10S"
                    }
                  }
                }
              },
              "runAfter": {
                "List_Flow_with_No_Environment": [
                  "Succeeded"
                ]
              },
              "metadata": {
                "operationMetadataId": "a73b3d78-661c-47ab-a7c1-e563525d4c1b"
              },
              "type": "Foreach",
              "runtimeConfiguration": {
                "concurrency": {
                  "repetitions": 50
                }
              }
            },
            "List_Apps_with_No_Environment": {
              "runAfter": {},
              "metadata": {
                "operationMetadataId": "3b50cd16-059b-4dcc-ba77-081a5e1ca69a"
              },
              "type": "OpenApiConnection",
              "inputs": {
                "host": {
                  "connectionName": "shared_commondataserviceforapps",
                  "operationId": "ListRecords",
                  "apiId": "/providers/Microsoft.PowerApps/apis/shared_commondataserviceforapps"
                },
                "parameters": {
                  "entityName": "admin_apps",
                  "$select": "admin_appid",
                  "$filter": "_admin_appenvironment_value eq null"
                },
                "authentication": "@parameters('$authentication')",
                "retryPolicy": {
                  "type": "exponential",
                  "count": 10,
                  "interval": "PT10S"
                }
              },
              "runtimeConfiguration": {
                "paginationPolicy": {
                  "minimumItemCount": 100000
                }
              }
            },
            "List_CoE_Connection_References_with_neither_app_nor_flow": {
              "runAfter": {
                "Delete_CoE_Connection_References_with_no_Connection": [
                  "Succeeded"
                ]
              },
              "metadata": {
                "operationMetadataId": "685cbe77-a9fe-432f-a4dc-afd1d7f57d4b"
              },
              "type": "OpenApiConnection",
              "inputs": {
                "host": {
                  "connectionName": "shared_commondataserviceforapps",
                  "operationId": "ListRecords",
                  "apiId": "/providers/Microsoft.PowerApps/apis/shared_commondataserviceforapps"
                },
                "parameters": {
                  "entityName": "admin_connectionreferences",
                  "$select": "admin_connectionreferenceid",
                  "$filter": "_admin_app_value eq null and _admin_flow_value eq null"
                },
                "authentication": "@parameters('$authentication')",
                "retryPolicy": {
                  "type": "exponential",
                  "count": 10,
                  "interval": "PT10S"
                }
              },
              "runtimeConfiguration": {
                "paginationPolicy": {
                  "minimumItemCount": 100000
                }
              }
            },
            "List_CoE_Connection_References_with_no_Connection": {
              "runAfter": {
                "Delete_Flows_without_Environments": [
                  "Succeeded"
                ]
              },
              "metadata": {
                "operationMetadataId": "b5858547-3b35-4706-ac91-482fbebfe538"
              },
              "type": "OpenApiConnection",
              "inputs": {
                "host": {
                  "connectionName": "shared_commondataserviceforapps",
                  "operationId": "ListRecords",
                  "apiId": "/providers/Microsoft.PowerApps/apis/shared_commondataserviceforapps"
                },
                "parameters": {
                  "entityName": "admin_connectionreferences",
                  "$select": "admin_connectionreferenceid",
                  "$filter": "_admin_connector_value eq null"
                },
                "authentication": "@parameters('$authentication')",
                "retryPolicy": {
                  "type": "exponential",
                  "count": 10,
                  "interval": "PT10S"
                }
              },
              "runtimeConfiguration": {
                "paginationPolicy": {
                  "minimumItemCount": 100000
                }
              }
            },
            "List_Custom_Connection_with_no_Environment": {
              "runAfter": {
                "Delete_CoE_Connection_References_with_neither_app_nor_flow": [
                  "Succeeded"
                ]
              },
              "metadata": {
                "operationMetadataId": "a822f38c-1864-4a13-84a8-37e5c41c1f10"
              },
              "type": "OpenApiConnection",
              "inputs": {
                "host": {
                  "connectionName": "shared_commondataserviceforapps",
                  "operationId": "ListRecords",
                  "apiId": "/providers/Microsoft.PowerApps/apis/shared_commondataserviceforapps"
                },
                "parameters": {
                  "entityName": "admin_connectors",
                  "$select": "admin_connectorid",
                  "$filter": "_admin_environmentcustomconnector_value eq null and admin_iscustomapi eq true"
                },
                "authentication": "@parameters('$authentication')",
                "retryPolicy": {
                  "type": "exponential",
                  "count": 10,
                  "interval": "PT10S"
                }
              },
              "runtimeConfiguration": {
                "paginationPolicy": {
                  "minimumItemCount": 100000
                }
              }
            },
            "List_Desktop_Flows_with_No_Environment": {
              "runAfter": {
                "Delete_BPFs_without_Environments": [
                  "Succeeded"
                ]
              },
              "metadata": {
                "operationMetadataId": "d1a6b2aa-e468-4af4-93d2-71a890b16cfb"
              },
              "type": "OpenApiConnection",
              "inputs": {
                "host": {
                  "connectionName": "shared_commondataserviceforapps",
                  "operationId": "ListRecords",
                  "apiId": "/providers/Microsoft.PowerApps/apis/shared_commondataserviceforapps"
                },
                "parameters": {
                  "entityName": "admin_rpas",
                  "$select": "admin_rpaid",
                  "$filter": "_admin_desktopflowenvironment_value eq null"
                },
                "authentication": "@parameters('$authentication')"
              }
            },
            "List_Flow_Actions_with_no_Flow_or_no_Envt": {
              "runAfter": {
                "Delete_Custom_Connection_with_no_Environmnet": [
                  "Succeeded"
                ]
              },
              "metadata": {
                "operationMetadataId": "35f74863-4032-41bb-9853-83c6fdfc3f98"
              },
              "type": "OpenApiConnection",
              "inputs": {
                "host": {
                  "connectionName": "shared_commondataserviceforapps",
                  "operationId": "ListRecords",
                  "apiId": "/providers/Microsoft.PowerApps/apis/shared_commondataserviceforapps"
                },
                "parameters": {
                  "entityName": "admin_flowactiondetails",
                  "$select": "admin_flowactiondetailid",
                  "$filter": "_admin_flow_value eq null or _admin_flowactiondetailenvrinment_value eq null"
                },
                "authentication": "@parameters('$authentication')",
                "retryPolicy": {
                  "type": "exponential",
                  "count": 10,
                  "interval": "PT10S"
                }
              },
              "runtimeConfiguration": {
                "paginationPolicy": {
                  "minimumItemCount": 100000
                }
              }
            },
            "List_Flow_with_No_Environment": {
              "runAfter": {
                "Delete_Desktop_Flows_without_Environments": [
                  "Succeeded"
                ]
              },
              "metadata": {
                "operationMetadataId": "709748e0-aa9b-4929-9686-9c3219628faf"
              },
              "type": "OpenApiConnection",
              "inputs": {
                "host": {
                  "connectionName": "shared_commondataserviceforapps",
                  "operationId": "ListRecords",
                  "apiId": "/providers/Microsoft.PowerApps/apis/shared_commondataserviceforapps"
                },
                "parameters": {
                  "entityName": "admin_flows",
                  "$select": "admin_flowid",
                  "$filter": "_admin_flowenvironment_value eq null"
                },
                "authentication": "@parameters('$authentication')",
                "retryPolicy": {
                  "type": "exponential",
                  "count": 10,
                  "interval": "PT10S"
                }
              },
              "runtimeConfiguration": {
                "paginationPolicy": {
                  "minimumItemCount": 100000
                }
              }
            },
            "List_Environment_Capacities_with_No_Environment": {
              "runAfter": {
                "Delete_Flow_Actions_with_no_Flow_or_Envt": [
                  "Succeeded"
                ]
              },
              "metadata": {
                "operationMetadataId": "1ef1e7bf-102f-418f-b028-ea0bbf08d221"
              },
              "type": "OpenApiConnection",
              "inputs": {
                "host": {
                  "connectionName": "shared_commondataserviceforapps",
                  "operationId": "ListRecords",
                  "apiId": "/providers/Microsoft.PowerApps/apis/shared_commondataserviceforapps"
                },
                "parameters": {
                  "entityName": "admin_environmentcapacities",
                  "$select": "admin_environmentcapacityid",
                  "$filter": "_admin_environment_value eq null"
                },
                "authentication": "@parameters('$authentication')",
                "retryPolicy": {
                  "type": "exponential",
                  "count": 10,
                  "interval": "PT10S"
                }
              },
              "runtimeConfiguration": {
                "paginationPolicy": {
                  "minimumItemCount": 100000
                }
              }
            },
            "Delete_Environment_Capacities_with_no_Envt": {
              "foreach": "@outputs('List_Environment_Capacities_with_No_Environment')?['body/value']",
              "actions": {
                "Delete_Environment_Capacity": {
                  "runAfter": {},
                  "metadata": {
                    "operationMetadataId": "e3c34082-eb82-4e96-a593-d058d910d37d"
                  },
                  "type": "OpenApiConnection",
                  "inputs": {
                    "host": {
                      "connectionName": "shared_commondataserviceforapps",
                      "operationId": "DeleteRecord",
                      "apiId": "/providers/Microsoft.PowerApps/apis/shared_commondataserviceforapps"
                    },
                    "parameters": {
                      "entityName": "admin_environmentcapacities",
                      "recordId": "@items('Delete_Environment_Capacities_with_no_Envt')?['admin_environmentcapacityid']"
                    },
                    "authentication": "@parameters('$authentication')",
                    "retryPolicy": {
                      "type": "exponential",
                      "count": 10,
                      "interval": "PT10S"
                    }
                  }
                }
              },
              "runAfter": {
                "List_Environment_Capacities_with_No_Environment": [
                  "Succeeded"
                ]
              },
              "metadata": {
                "operationMetadataId": "abdf3ded-beef-4b54-b625-289adb2439b6"
              },
              "type": "Foreach",
              "runtimeConfiguration": {
                "concurrency": {
                  "repetitions": 50
                }
              }
            },
            "List_incorrectly_named_specialty_connectors": {
              "runAfter": {
                "Delete_Environment_Capacities_with_no_Envt": [
                  "Succeeded"
                ]
              },
              "metadata": {
                "operationMetadataId": "89c5b5e7-da34-4249-9c63-c989c6919842"
              },
              "type": "OpenApiConnection",
              "inputs": {
                "host": {
                  "connectionName": "shared_commondataserviceforapps",
                  "operationId": "ListRecords",
                  "apiId": "/providers/Microsoft.PowerApps/apis/shared_commondataserviceforapps"
                },
                "parameters": {
                  "entityName": "admin_connectors",
                  "$select": "admin_connectorid",
                  "$filter": "admin_name eq 'admin_http' or admin_name eq 'admin_httpwebhook' or admin_name eq 'shared_microsoftspatialservices'"
                },
                "authentication": "@parameters('$authentication')"
              },
              "description": "for https://github.com/microsoft/coe-starter-kit/issues/1641"
            },
            "Delete_incorrectly_named_specialty_connectors": {
              "foreach": "@outputs('List_incorrectly_named_specialty_connectors')?['body/value']",
              "actions": {
                "Delete_incorrectly_named_specialty_connector": {
                  "runAfter": {},
                  "metadata": {
                    "operationMetadataId": "983b1005-4cac-41d2-9690-2b06bd0a4c2c"
                  },
                  "type": "OpenApiConnection",
                  "inputs": {
                    "host": {
                      "connectionName": "shared_commondataserviceforapps",
                      "operationId": "DeleteRecord",
                      "apiId": "/providers/Microsoft.PowerApps/apis/shared_commondataserviceforapps"
                    },
                    "parameters": {
                      "entityName": "admin_connectors",
                      "recordId": "@items('Delete_incorrectly_named_specialty_connectors')?['admin_connectorid']"
                    },
                    "authentication": "@parameters('$authentication')",
                    "retryPolicy": {
                      "type": "exponential",
                      "count": 10,
                      "interval": "PT10S"
                    }
                  }
                }
              },
              "runAfter": {
                "List_incorrectly_named_specialty_connectors": [
                  "Succeeded"
                ]
              },
              "metadata": {
                "operationMetadataId": "6a291358-9fe1-4dd9-9ef0-42c1b24ff4b2"
              },
              "type": "Foreach"
            },
            "List_Power_Platform_User_Role_with_no_app": {
              "runAfter": {
                "Delete_incorrectly_named_specialty_connectors": [
                  "Succeeded"
                ]
              },
              "metadata": {
                "operationMetadataId": "685cbe77-a9fe-432f-a4dc-afd1d7f57d4b"
              },
              "type": "OpenApiConnection",
              "inputs": {
                "host": {
                  "connectionName": "shared_commondataserviceforapps",
                  "operationId": "ListRecords",
                  "apiId": "/providers/Microsoft.PowerApps/apis/shared_commondataserviceforapps"
                },
                "parameters": {
                  "entityName": "admin_powerplatformuserroles",
                  "$select": "admin_powerplatformuserroleid",
                  "$filter": "_admin_app_value eq null"
                },
                "authentication": "@parameters('$authentication')",
                "retryPolicy": {
                  "type": "exponential",
                  "count": 10,
                  "interval": "PT10S"
                }
              },
              "runtimeConfiguration": {
                "paginationPolicy": {
                  "minimumItemCount": 100000
                }
              }
            },
            "Delete_Power_Platform_User_Role_with_no_app": {
              "foreach": "@outputs('List_Power_Platform_User_Role_with_no_app')?['body/value']",
              "actions": {
                "Delete_Power_Platform_User_Role_without_app": {
                  "runAfter": {},
                  "metadata": {
                    "operationMetadataId": "7cf079b6-35ac-471d-902f-e82b828f6d94"
                  },
                  "type": "OpenApiConnection",
                  "inputs": {
                    "host": {
                      "connectionName": "shared_commondataserviceforapps_1",
                      "operationId": "DeleteRecord",
                      "apiId": "/providers/Microsoft.PowerApps/apis/shared_commondataserviceforapps"
                    },
                    "parameters": {
                      "entityName": "admin_powerplatformuserroles",
                      "recordId": "@items('Delete_Power_Platform_User_Role_with_no_app')?['admin_powerplatformuserroleid']"
                    },
                    "authentication": "@parameters('$authentication')"
                  }
                }
              },
              "runAfter": {
                "List_Power_Platform_User_Role_with_no_app": [
                  "Succeeded"
                ]
              },
              "metadata": {
                "operationMetadataId": "77a68247-b176-4630-b079-10a43b247af3"
              },
              "type": "Foreach"
            },
            "Apply_to_Desktop_Flow_Session_that_needs_GUID_fixed": {
              "foreach": "@outputs('List_Desktop_Flow_Sessions_with_Desktop_Flow_old_GUID_style')?['body/value']",
              "actions": {
                "List_Desktop_Flows_that_match_by_Unique_Name": {
                  "runAfter": {
                    "UniqueNameString": [
                      "Succeeded"
                    ]
                  },
                  "metadata": {
                    "operationMetadataId": "a99795b9-6509-40d8-b4f6-ff1ef14c17b3"
                  },
                  "type": "OpenApiConnection",
                  "inputs": {
                    "host": {
                      "connectionName": "shared_commondataserviceforapps",
                      "operationId": "ListRecords",
                      "apiId": "/providers/Microsoft.PowerApps/apis/shared_commondataserviceforapps"
                    },
                    "parameters": {
                      "entityName": "admin_rpas",
                      "$select": "admin_rpaid",
                      "$filter": "admin_rpauniquename eq '@{outputs('UniqueNameString')}'"
                    },
                    "authentication": "@parameters('$authentication')"
                  }
                },
                "if_new_GUID_system_in_place": {
                  "actions": {
                    "flowGUID": {
                      "runAfter": {},
                      "metadata": {
                        "operationMetadataId": "6e76a3f7-b4f8-4443-9231-fe7914fa0550"
                      },
                      "type": "Compose",
                      "inputs": "@first(outputs('List_Desktop_Flows_that_match_by_Unique_Name')?['body/value'])['admin_rpaid']",
                      "description": "first(outputs('List_Desktop_Flows_that_match_by_Unique_Name')?['body/value'])['admin_rpaid']"
                    },
                    "Update_to_new_GUID": {
                      "runAfter": {
                        "flowGUID": [
                          "Succeeded"
                        ]
                      },
                      "metadata": {
                        "operationMetadataId": "94ccf2a2-72de-4f01-9d68-ad64b345b735"
                      },
                      "type": "OpenApiConnection",
                      "inputs": {
                        "host": {
                          "connectionName": "shared_commondataserviceforapps_2",
                          "operationId": "UpdateRecord",
                          "apiId": "/providers/Microsoft.PowerApps/apis/shared_commondataserviceforapps"
                        },
                        "parameters": {
                          "entityName": "admin_rpasessionses",
                          "recordId": "@items('Apply_to_Desktop_Flow_Session_that_needs_GUID_fixed')?['admin_rpasessionsid']",
                          "item/admin_RPA@odata.bind": "admin_rpas(@{outputs('flowGUID')})"
                        },
                        "authentication": "@parameters('$authentication')"
                      }
                    }
                  },
                  "runAfter": {
                    "List_Desktop_Flows_that_match_by_Unique_Name": [
                      "Succeeded"
                    ]
                  },
                  "expression": {
                    "greater": [
                      "@length(outputs('List_Desktop_Flows_that_match_by_Unique_Name')?['body/value'])",
                      0
                    ]
                  },
                  "metadata": {
                    "operationMetadataId": "99502899-edc9-4568-8a45-d8fb49ca96e8"
                  },
                  "type": "If"
                },
                "envt": {
                  "runAfter": {},
                  "metadata": {
                    "operationMetadataId": "d0d34761-dc98-46dc-aa84-e0903fc99f3b"
                  },
                  "type": "Compose",
                  "inputs": "@items('Apply_to_Desktop_Flow_Session_that_needs_GUID_fixed')?['admin_rpa/_admin_desktopflowenvironment_value']"
                },
                "UniqueNameString": {
                  "runAfter": {
                    "flow": [
                      "Succeeded"
                    ]
                  },
                  "metadata": {
                    "operationMetadataId": "c223ff55-c16f-451e-8dcc-bf7389e8d93d"
                  },
                  "type": "Compose",
                  "inputs": "@concat(items('Apply_to_Desktop_Flow_Session_that_needs_GUID_fixed')?['admin_rpa/_admin_desktopflowenvironment_value'], '_', items('Apply_to_Desktop_Flow_Session_that_needs_GUID_fixed')?['admin_rpa/admin_name'])",
                  "description": "concat(items('Apply_to_Desktop_Flow_Session_that_needs_GUID_fixed')?['admin_rpa/_admin_desktopflowenvironment_value'], '_', items('Apply_to_Desktop_Flow_Session_that_needs_GUID_fixed')?['admin_rpa/admin_name'])"
                },
                "flow": {
                  "runAfter": {
                    "envt": [
                      "Succeeded"
                    ]
                  },
                  "metadata": {
                    "operationMetadataId": "049d4afe-0b74-4066-8c0c-404abc8decc9"
                  },
                  "type": "Compose",
                  "inputs": "@items('Apply_to_Desktop_Flow_Session_that_needs_GUID_fixed')?['admin_rpa/admin_name']"
                }
              },
              "runAfter": {
                "List_Desktop_Flow_Sessions_with_Desktop_Flow_old_GUID_style": [
                  "Succeeded"
                ]
              },
              "metadata": {
                "operationMetadataId": "15b79e85-4c9a-43cb-88d4-20863d95af47"
              },
              "type": "Foreach"
            },
            "List_Desktop_Flow_Sessions_with_Desktop_Flow_old_GUID_style": {
              "runAfter": {
                "Delete_Power_Platform_User_Role_with_no_app": [
                  "Succeeded"
                ]
              },
              "metadata": {
                "operationMetadataId": "d05be503-2802-4ab3-a72d-25d252f8e50f"
              },
              "type": "OpenApiConnection",
              "inputs": {
                "host": {
                  "connectionName": "shared_commondataserviceforapps",
                  "operationId": "ListRecords",
                  "apiId": "/providers/Microsoft.PowerApps/apis/shared_commondataserviceforapps"
                },
                "parameters": {
                  "entityName": "admin_rpasessionses",
                  "$select": "admin_rpasessionsid, _admin_rpa_value",
                  "$filter": "admin_RPA/admin_rpauniquename eq null",
                  "$expand": "admin_RPA($select=_admin_desktopflowenvironment_value, admin_name)"
                },
                "authentication": "@parameters('$authentication')"
              },
              "runtimeConfiguration": {
                "paginationPolicy": {
                  "minimumItemCount": 100000
                }
              }
            },
            "List_BPFs_with_No_Environment": {
              "runAfter": {
                "Delete_Solns_without_Environments": [
                  "Succeeded"
                ]
              },
              "metadata": {
                "operationMetadataId": "d1a6b2aa-e468-4af4-93d2-71a890b16cfb"
              },
              "type": "OpenApiConnection",
              "inputs": {
                "host": {
                  "connectionName": "shared_commondataserviceforapps",
                  "operationId": "ListRecords",
                  "apiId": "/providers/Microsoft.PowerApps/apis/shared_commondataserviceforapps"
                },
                "parameters": {
                  "entityName": "admin_businessprocessflowses",
                  "$select": "admin_businessprocessflowsid",
                  "$filter": "_admin_businessprocessflowenvironment_value eq null"
                },
                "authentication": "@parameters('$authentication')"
              }
            },
            "Delete_BPFs_without_Environments": {
              "foreach": "@outputs('List_BPFs_with_No_Environment')?['body/value']",
              "actions": {
                "Delete_BPF_without_environment": {
                  "runAfter": {},
                  "metadata": {
                    "operationMetadataId": "d3a5002b-f60c-4177-8e43-eee6ee07711d"
                  },
                  "type": "OpenApiConnection",
                  "inputs": {
                    "host": {
                      "connectionName": "shared_commondataserviceforapps_2",
                      "operationId": "DeleteRecord",
                      "apiId": "/providers/Microsoft.PowerApps/apis/shared_commondataserviceforapps"
                    },
                    "parameters": {
                      "entityName": "admin_businessprocessflowses",
                      "recordId": "@items('Delete_BPFs_without_Environments')?['admin_businessprocessflowsid']"
                    },
                    "authentication": "@parameters('$authentication')"
                  }
                }
              },
              "runAfter": {
                "List_BPFs_with_No_Environment": [
                  "Succeeded"
                ]
              },
              "metadata": {
                "operationMetadataId": "50c96b44-345d-430b-8067-6dc5227a03b5"
              },
              "type": "Foreach"
            },
            "List_Solns_with_No_Environment": {
              "runAfter": {
                "Delete_Apps_without_Environments": [
                  "Succeeded"
                ]
              },
              "metadata": {
                "operationMetadataId": "3b50cd16-059b-4dcc-ba77-081a5e1ca69a"
              },
              "type": "OpenApiConnection",
              "inputs": {
                "host": {
                  "connectionName": "shared_commondataserviceforapps",
                  "operationId": "ListRecords",
                  "apiId": "/providers/Microsoft.PowerApps/apis/shared_commondataserviceforapps"
                },
                "parameters": {
                  "entityName": "admin_solutions",
                  "$select": "admin_solutionid",
                  "$filter": "_admin_solutionenvironment_value eq null"
                },
                "authentication": "@parameters('$authentication')",
                "retryPolicy": {
                  "type": "exponential",
                  "count": 10,
                  "interval": "PT10S"
                }
              },
              "runtimeConfiguration": {
                "paginationPolicy": {
                  "minimumItemCount": 100000
                }
              }
            },
            "Delete_Solns_without_Environments": {
              "foreach": "@outputs('List_Solns_with_No_Environment')?['body/value']",
              "actions": {
                "Delete_soln_without_environment": {
                  "runAfter": {},
                  "metadata": {
                    "operationMetadataId": "1e72f70a-b6bb-4f32-aff9-91e6d7c0f925"
                  },
                  "type": "OpenApiConnection",
                  "inputs": {
                    "host": {
                      "connectionName": "shared_commondataserviceforapps_2",
                      "operationId": "DeleteRecord",
                      "apiId": "/providers/Microsoft.PowerApps/apis/shared_commondataserviceforapps"
                    },
                    "parameters": {
                      "entityName": "admin_solutions",
                      "recordId": "@items('Delete_Solns_without_Environments')?['admin_solutionid']"
                    },
                    "authentication": "@parameters('$authentication')"
                  }
                }
              },
              "runAfter": {
                "List_Solns_with_No_Environment": [
                  "Succeeded"
                ]
              },
              "metadata": {
                "operationMetadataId": "99436055-161e-4f25-bd93-2d2731b2de78"
              },
              "type": "Foreach",
              "runtimeConfiguration": {
                "concurrency": {
                  "repetitions": 50
                }
              }
            },
            "Blank_Record_GUID_as_String_-_Environments": {
              "runAfter": {
                "Apply_to_Desktop_Flow_Session_that_needs_GUID_fixed": [
                  "Succeeded"
                ]
              },
              "metadata": {
                "operationMetadataId": "f170b27d-4519-48c7-85fe-da71cdb39dcd"
              },
              "type": "OpenApiConnection",
              "inputs": {
                "host": {
                  "connectionName": "shared_commondataserviceforapps_1",
                  "operationId": "ListRecords",
                  "apiId": "/providers/Microsoft.PowerApps/apis/shared_commondataserviceforapps"
                },
                "parameters": {
                  "entityName": "admin_environments",
                  "$select": "admin_environmentid",
                  "$filter": "admin_recordguidasstring eq null"
                },
                "authentication": "@parameters('$authentication')"
              },
              "runtimeConfiguration": {
                "paginationPolicy": {
                  "minimumItemCount": 100000
                }
              }
            },
            "Blank_Record_GUID_as_String_-_Makers": {
              "runAfter": {
                "Apply_to_each_missing_Record_GUID_-_Environments": [
                  "Succeeded"
                ]
              },
              "metadata": {
                "operationMetadataId": "f170b27d-4519-48c7-85fe-da71cdb39dcd"
              },
              "type": "OpenApiConnection",
              "inputs": {
                "host": {
                  "connectionName": "shared_commondataserviceforapps_1",
                  "operationId": "ListRecords",
                  "apiId": "/providers/Microsoft.PowerApps/apis/shared_commondataserviceforapps"
                },
                "parameters": {
                  "entityName": "admin_makers",
                  "$select": "admin_makerid",
                  "$filter": "admin_recordguidasstring eq null"
                },
                "authentication": "@parameters('$authentication')"
              },
              "runtimeConfiguration": {
                "paginationPolicy": {
                  "minimumItemCount": 100000
                }
              }
            },
            "Blank_Record_GUID_as_String_-_Power_Platform_Users": {
              "runAfter": {
                "Apply_to_each_missing_Record_GUID_-_Makers": [
                  "Succeeded"
                ]
              },
              "metadata": {
                "operationMetadataId": "f170b27d-4519-48c7-85fe-da71cdb39dcd"
              },
              "type": "OpenApiConnection",
              "inputs": {
                "host": {
                  "connectionName": "shared_commondataserviceforapps_1",
                  "operationId": "ListRecords",
                  "apiId": "/providers/Microsoft.PowerApps/apis/shared_commondataserviceforapps"
                },
                "parameters": {
                  "entityName": "admin_powerplatformusers",
                  "$select": "admin_powerplatformuserid",
                  "$filter": "admin_recordguidasstring eq null"
                },
                "authentication": "@parameters('$authentication')"
              },
              "runtimeConfiguration": {
                "paginationPolicy": {
                  "minimumItemCount": 100000
                }
              }
            },
            "Blank_Record_GUID_as_String_-_PowerApps_Connectors": {
              "runAfter": {
                "Apply_to_each_missing_Record_GUID_-_Power_Platform_Users": [
                  "Succeeded"
                ]
              },
              "metadata": {
                "operationMetadataId": "f170b27d-4519-48c7-85fe-da71cdb39dcd"
              },
              "type": "OpenApiConnection",
              "inputs": {
                "host": {
                  "connectionName": "shared_commondataserviceforapps_1",
                  "operationId": "ListRecords",
                  "apiId": "/providers/Microsoft.PowerApps/apis/shared_commondataserviceforapps"
                },
                "parameters": {
                  "entityName": "admin_connectors",
                  "$select": "admin_connectorid",
                  "$filter": "admin_recordguidasstring eq null"
                },
                "authentication": "@parameters('$authentication')"
              },
              "runtimeConfiguration": {
                "paginationPolicy": {
                  "minimumItemCount": 100000
                }
              }
            },
            "Blank_Record_GUID_as_String_-_Business_Process_Flows": {
              "runAfter": {
                "Apply_to_each_missing_Record_GUID_-_Solutions": [
                  "Succeeded"
                ]
              },
              "metadata": {
                "operationMetadataId": "f170b27d-4519-48c7-85fe-da71cdb39dcd"
              },
              "type": "OpenApiConnection",
              "inputs": {
                "host": {
                  "connectionName": "shared_commondataserviceforapps_1",
                  "operationId": "ListRecords",
                  "apiId": "/providers/Microsoft.PowerApps/apis/shared_commondataserviceforapps"
                },
                "parameters": {
                  "entityName": "admin_businessprocessflowses",
                  "$select": "admin_businessprocessflowsid",
                  "$filter": "admin_recordguidasstring eq null"
                },
                "authentication": "@parameters('$authentication')"
              },
              "runtimeConfiguration": {
                "paginationPolicy": {
                  "minimumItemCount": 100000
                }
              }
            },
            "Blank_Record_GUID_as_String_-_Desktop_Flows": {
              "runAfter": {
                "Apply_to_each_missing_Record_GUID_-_Business_Process_Flows": [
                  "Succeeded"
                ]
              },
              "metadata": {
                "operationMetadataId": "f170b27d-4519-48c7-85fe-da71cdb39dcd"
              },
              "type": "OpenApiConnection",
              "inputs": {
                "host": {
                  "connectionName": "shared_commondataserviceforapps_1",
                  "operationId": "ListRecords",
                  "apiId": "/providers/Microsoft.PowerApps/apis/shared_commondataserviceforapps"
                },
                "parameters": {
                  "entityName": "admin_rpas",
                  "$select": "admin_rpaid",
                  "$filter": "admin_recordguidasstring eq null"
                },
                "authentication": "@parameters('$authentication')"
              },
              "runtimeConfiguration": {
                "paginationPolicy": {
                  "minimumItemCount": 100000
                }
              }
            },
            "Blank_Record_GUID_as_String_-_Power_Pages_Sites": {
              "runAfter": {
                "Apply_to_each_missing_Record_GUID_-_Desktop_Flows": [
                  "Succeeded"
                ]
              },
              "metadata": {
                "operationMetadataId": "f170b27d-4519-48c7-85fe-da71cdb39dcd"
              },
              "type": "OpenApiConnection",
              "inputs": {
                "host": {
                  "connectionName": "shared_commondataserviceforapps_1",
                  "operationId": "ListRecords",
                  "apiId": "/providers/Microsoft.PowerApps/apis/shared_commondataserviceforapps"
                },
                "parameters": {
                  "entityName": "admin_portals",
                  "$select": "admin_portalid",
                  "$filter": "admin_recordguidasstring eq null"
                },
                "authentication": "@parameters('$authentication')"
              },
              "runtimeConfiguration": {
                "paginationPolicy": {
                  "minimumItemCount": 100000
                }
              }
            },
            "Blank_Record_GUID_as_String_-_PVAs": {
              "runAfter": {
                "Apply_to_each_missing_Record_GUID_-_Power_Pages_Sites": [
                  "Succeeded"
                ]
              },
              "metadata": {
                "operationMetadataId": "f170b27d-4519-48c7-85fe-da71cdb39dcd"
              },
              "type": "OpenApiConnection",
              "inputs": {
                "host": {
                  "connectionName": "shared_commondataserviceforapps_1",
                  "operationId": "ListRecords",
                  "apiId": "/providers/Microsoft.PowerApps/apis/shared_commondataserviceforapps"
                },
                "parameters": {
                  "entityName": "admin_pvas",
                  "$select": "admin_pvaid",
                  "$filter": "admin_recordguidasstring eq null"
                },
                "authentication": "@parameters('$authentication')"
              },
              "runtimeConfiguration": {
                "paginationPolicy": {
                  "minimumItemCount": 100000
                }
              }
            },
            "Blank_Record_GUID_as_String_-_PVA_Component": {
              "runAfter": {
                "Apply_to_each_missing_Record_GUID_-_PVAs": [
                  "Succeeded"
                ]
              },
              "metadata": {
                "operationMetadataId": "f170b27d-4519-48c7-85fe-da71cdb39dcd"
              },
              "type": "OpenApiConnection",
              "inputs": {
                "host": {
                  "connectionName": "shared_commondataserviceforapps_1",
                  "operationId": "ListRecords",
                  "apiId": "/providers/Microsoft.PowerApps/apis/shared_commondataserviceforapps"
                },
                "parameters": {
                  "entityName": "admin_pvacomponents",
                  "$select": "admin_pvacomponentid",
                  "$filter": "admin_recordguidasstring eq null"
                },
                "authentication": "@parameters('$authentication')"
              },
              "runtimeConfiguration": {
                "paginationPolicy": {
                  "minimumItemCount": 100000
                }
              }
            },
            "Blank_Record_GUID_as_String_-_Solutions": {
              "runAfter": {
                "Apply_to_each_missing_Record_GUID_-_Power_Apps": [
                  "Succeeded"
                ]
              },
              "metadata": {
                "operationMetadataId": "f170b27d-4519-48c7-85fe-da71cdb39dcd"
              },
              "type": "OpenApiConnection",
              "inputs": {
                "host": {
                  "connectionName": "shared_commondataserviceforapps_1",
                  "operationId": "ListRecords",
                  "apiId": "/providers/Microsoft.PowerApps/apis/shared_commondataserviceforapps"
                },
                "parameters": {
                  "entityName": "admin_solutions",
                  "$select": "admin_solutionid",
                  "$filter": "admin_recordguidasstring eq null"
                },
                "authentication": "@parameters('$authentication')"
              },
              "runtimeConfiguration": {
                "paginationPolicy": {
                  "minimumItemCount": 100000
                }
              }
            },
            "Blank_Record_GUID_as_String_-_Flows": {
              "runAfter": {
                "Apply_to_each_missing_Record_GUID_-_PowerApps_Connectors": [
                  "Succeeded"
                ]
              },
              "metadata": {
                "operationMetadataId": "f170b27d-4519-48c7-85fe-da71cdb39dcd"
              },
              "type": "OpenApiConnection",
              "inputs": {
                "host": {
                  "connectionName": "shared_commondataserviceforapps_1",
                  "operationId": "ListRecords",
                  "apiId": "/providers/Microsoft.PowerApps/apis/shared_commondataserviceforapps"
                },
                "parameters": {
                  "entityName": "admin_flows",
                  "$select": "admin_flowid",
                  "$filter": "admin_recordguidasstring eq null"
                },
                "authentication": "@parameters('$authentication')"
              },
              "runtimeConfiguration": {
                "paginationPolicy": {
                  "minimumItemCount": 100000
                }
              }
            },
            "Blank_Record_GUID_as_String_-_Power_Apps": {
              "runAfter": {
                "Apply_to_each_missing_Record_GUID_-_Flows": [
                  "Succeeded"
                ]
              },
              "metadata": {
                "operationMetadataId": "f170b27d-4519-48c7-85fe-da71cdb39dcd"
              },
              "type": "OpenApiConnection",
              "inputs": {
                "host": {
                  "connectionName": "shared_commondataserviceforapps_1",
                  "operationId": "ListRecords",
                  "apiId": "/providers/Microsoft.PowerApps/apis/shared_commondataserviceforapps"
                },
                "parameters": {
                  "entityName": "admin_apps",
                  "$select": "admin_appid",
                  "$filter": "admin_recordguidasstring eq null"
                },
                "authentication": "@parameters('$authentication')"
              },
              "runtimeConfiguration": {
                "paginationPolicy": {
                  "minimumItemCount": 100000
                }
              }
            },
            "Apply_to_each_missing_Record_GUID_-_Environments": {
              "foreach": "@outputs('Blank_Record_GUID_as_String_-_Environments')?['body/value']",
              "actions": {
                "Add_Record_GUID_-_Environment": {
                  "runAfter": {},
                  "metadata": {
                    "operationMetadataId": "27ff82b0-57fe-4d7e-aefb-b60558e89245"
                  },
                  "type": "OpenApiConnection",
                  "inputs": {
                    "host": {
                      "connectionName": "shared_commondataserviceforapps_1",
                      "operationId": "UpdateRecord",
                      "apiId": "/providers/Microsoft.PowerApps/apis/shared_commondataserviceforapps"
                    },
                    "parameters": {
                      "entityName": "admin_environments",
                      "recordId": "@items('Apply_to_each_missing_Record_GUID_-_Environments')?['admin_environmentid']",
                      "item/admin_recordguidasstring": "@items('Apply_to_each_missing_Record_GUID_-_Environments')?['admin_environmentid']"
                    },
                    "authentication": "@parameters('$authentication')"
                  }
                }
              },
              "runAfter": {
                "Blank_Record_GUID_as_String_-_Environments": [
                  "Succeeded"
                ]
              },
              "metadata": {
                "operationMetadataId": "131d859b-c0e3-48e8-877c-de4acd87f1bd"
              },
              "type": "Foreach"
            },
            "Apply_to_each_missing_Record_GUID_-_Makers": {
              "foreach": "@outputs('Blank_Record_GUID_as_String_-_Makers')?['body/value']",
              "actions": {
                "Add_Record_GUID_-_Makers": {
                  "runAfter": {},
                  "metadata": {
                    "operationMetadataId": "41190fc8-9d07-4c9d-a32e-f1043352118b"
                  },
                  "type": "OpenApiConnection",
                  "inputs": {
                    "host": {
                      "connectionName": "shared_commondataserviceforapps_1",
                      "operationId": "UpdateRecord",
                      "apiId": "/providers/Microsoft.PowerApps/apis/shared_commondataserviceforapps"
                    },
                    "parameters": {
                      "entityName": "admin_makers",
                      "recordId": "@items('Apply_to_each_missing_Record_GUID_-_Makers')?['admin_makerid']",
                      "item/admin_recordguidasstring": "@items('Apply_to_each_missing_Record_GUID_-_Makers')?['admin_makerid']"
                    },
                    "authentication": "@parameters('$authentication')"
                  }
                }
              },
              "runAfter": {
                "Blank_Record_GUID_as_String_-_Makers": [
                  "Succeeded"
                ]
              },
              "metadata": {
                "operationMetadataId": "7d063c57-d6ca-4735-b66a-45dd2bc57806"
              },
              "type": "Foreach"
            },
            "Apply_to_each_missing_Record_GUID_-_Power_Platform_Users": {
              "foreach": "@outputs('Blank_Record_GUID_as_String_-_Power_Platform_Users')?['body/value']",
              "actions": {
                "Add_Record_GUID_-_Power_Platform_Users": {
                  "runAfter": {},
                  "metadata": {
                    "operationMetadataId": "d8e318ac-8cf0-46a4-a06e-6a3c05a19d92"
                  },
                  "type": "OpenApiConnection",
                  "inputs": {
                    "host": {
                      "connectionName": "shared_commondataserviceforapps_1",
                      "operationId": "UpdateRecord",
                      "apiId": "/providers/Microsoft.PowerApps/apis/shared_commondataserviceforapps"
                    },
                    "parameters": {
                      "entityName": "admin_powerplatformusers",
                      "recordId": "@items('Apply_to_each_missing_Record_GUID_-_Power_Platform_Users')?['admin_powerplatformuserid']",
                      "item/admin_recordguidasstring": "@items('Apply_to_each_missing_Record_GUID_-_Power_Platform_Users')?['admin_powerplatformuserid']"
                    },
                    "authentication": "@parameters('$authentication')"
                  }
                }
              },
              "runAfter": {
                "Blank_Record_GUID_as_String_-_Power_Platform_Users": [
                  "Succeeded"
                ]
              },
              "metadata": {
                "operationMetadataId": "5a2c27ad-0509-4376-8425-9c7464473b18"
              },
              "type": "Foreach"
            },
            "Apply_to_each_missing_Record_GUID_-_PowerApps_Connectors": {
              "foreach": "@outputs('Blank_Record_GUID_as_String_-_PowerApps_Connectors')?['body/value']",
              "actions": {
                "Add_Record_GUID_-_PowerApps_Connectors": {
                  "runAfter": {},
                  "metadata": {
                    "operationMetadataId": "f857764c-08b9-43de-8669-e38a6391f56c"
                  },
                  "type": "OpenApiConnection",
                  "inputs": {
                    "host": {
                      "connectionName": "shared_commondataserviceforapps_1",
                      "operationId": "UpdateRecord",
                      "apiId": "/providers/Microsoft.PowerApps/apis/shared_commondataserviceforapps"
                    },
                    "parameters": {
                      "entityName": "admin_connectors",
                      "recordId": "@items('Apply_to_each_missing_Record_GUID_-_PowerApps_Connectors')?['admin_connectorid']",
                      "item/admin_recordguidasstring": "@items('Apply_to_each_missing_Record_GUID_-_PowerApps_Connectors')?['admin_connectorid']"
                    },
                    "authentication": "@parameters('$authentication')"
                  }
                }
              },
              "runAfter": {
                "Blank_Record_GUID_as_String_-_PowerApps_Connectors": [
                  "Succeeded"
                ]
              },
              "metadata": {
                "operationMetadataId": "c7827955-0c7e-497a-a727-f9401a2f7dcf"
              },
              "type": "Foreach"
            },
            "Apply_to_each_missing_Record_GUID_-_Flows": {
              "foreach": "@outputs('Blank_Record_GUID_as_String_-_Flows')?['body/value']",
              "actions": {
                "Add_Record_GUID_-_Flows": {
                  "runAfter": {},
                  "metadata": {
                    "operationMetadataId": "765b53ca-030b-453f-9f7d-d2b5b0b5a017"
                  },
                  "type": "OpenApiConnection",
                  "inputs": {
                    "host": {
                      "connectionName": "shared_commondataserviceforapps_1",
                      "operationId": "UpdateRecord",
                      "apiId": "/providers/Microsoft.PowerApps/apis/shared_commondataserviceforapps"
                    },
                    "parameters": {
                      "entityName": "admin_flows",
                      "recordId": "@items('Apply_to_each_missing_Record_GUID_-_Flows')?['admin_flowid']",
                      "item/admin_flowidstring": "@items('Apply_to_each_missing_Record_GUID_-_Flows')?['admin_flowid']",
                      "item/admin_recordguidasstring": "@items('Apply_to_each_missing_Record_GUID_-_Flows')?['admin_flowid']"
                    },
                    "authentication": "@parameters('$authentication')"
                  }
                }
              },
              "runAfter": {
                "Blank_Record_GUID_as_String_-_Flows": [
                  "Succeeded"
                ]
              },
              "metadata": {
                "operationMetadataId": "f0355053-9ea4-4193-b61d-45b7b7f953c7"
              },
              "type": "Foreach"
            },
            "Apply_to_each_missing_Record_GUID_-_PVA_Component": {
              "foreach": "@outputs('Blank_Record_GUID_as_String_-_PVA_Component')?['body/value']",
              "actions": {
                "Add_Record_GUID_-_PVA_Component": {
                  "runAfter": {},
                  "metadata": {
                    "operationMetadataId": "e3b93d05-8466-4fee-a776-7674116f7577"
                  },
                  "type": "OpenApiConnection",
                  "inputs": {
                    "host": {
                      "connectionName": "shared_commondataserviceforapps_1",
                      "operationId": "UpdateRecord",
                      "apiId": "/providers/Microsoft.PowerApps/apis/shared_commondataserviceforapps"
                    },
                    "parameters": {
                      "entityName": "admin_pvacomponents",
                      "recordId": "@items('Apply_to_each_missing_Record_GUID_-_PVA_Component')?['admin_pvacomponentid']",
                      "item/admin_recordguidasstring": "@items('Apply_to_each_missing_Record_GUID_-_PVA_Component')?['admin_pvacomponentid']"
                    },
                    "authentication": "@parameters('$authentication')"
                  }
                }
              },
              "runAfter": {
                "Blank_Record_GUID_as_String_-_PVA_Component": [
                  "Succeeded"
                ]
              },
              "metadata": {
                "operationMetadataId": "ed408edb-ef36-4ba0-b2d2-c87689296474"
              },
              "type": "Foreach"
            },
            "Apply_to_each_missing_Record_GUID_-_PVAs": {
              "foreach": "@outputs('Blank_Record_GUID_as_String_-_PVAs')?['body/value']",
              "actions": {
                "Add_Record_GUID_-_PVAs": {
                  "runAfter": {},
                  "metadata": {
                    "operationMetadataId": "c226cd09-d4e1-49b1-a5ef-6d15765f01d6"
                  },
                  "type": "OpenApiConnection",
                  "inputs": {
                    "host": {
                      "connectionName": "shared_commondataserviceforapps_1",
                      "operationId": "UpdateRecord",
                      "apiId": "/providers/Microsoft.PowerApps/apis/shared_commondataserviceforapps"
                    },
                    "parameters": {
                      "entityName": "admin_pvas",
                      "recordId": "@items('Apply_to_each_missing_Record_GUID_-_PVAs')?['admin_pvaid']",
                      "item/admin_recordguidasstring": "@items('Apply_to_each_missing_Record_GUID_-_PVAs')?['admin_pvaid']"
                    },
                    "authentication": "@parameters('$authentication')"
                  }
                }
              },
              "runAfter": {
                "Blank_Record_GUID_as_String_-_PVAs": [
                  "Succeeded"
                ]
              },
              "metadata": {
                "operationMetadataId": "6d4e02c7-25df-4b9d-9305-046f67a57418"
              },
              "type": "Foreach"
            },
            "Apply_to_each_missing_Record_GUID_-_Power_Pages_Sites": {
              "foreach": "@outputs('Blank_Record_GUID_as_String_-_Power_Pages_Sites')?['body/value']",
              "actions": {
                "Add_Record_GUID_-_Power_Pages_Sites": {
                  "runAfter": {},
                  "metadata": {
                    "operationMetadataId": "bbdad0bd-fcaf-445d-bd7c-f09301f42221"
                  },
                  "type": "OpenApiConnection",
                  "inputs": {
                    "host": {
                      "connectionName": "shared_commondataserviceforapps_1",
                      "operationId": "UpdateRecord",
                      "apiId": "/providers/Microsoft.PowerApps/apis/shared_commondataserviceforapps"
                    },
                    "parameters": {
                      "entityName": "admin_portals",
                      "recordId": "@items('Apply_to_each_missing_Record_GUID_-_Power_Pages_Sites')?['admin_portalid']",
                      "item/admin_recordguidasstring": "@items('Apply_to_each_missing_Record_GUID_-_Power_Pages_Sites')?['admin_portalid']"
                    },
                    "authentication": "@parameters('$authentication')"
                  }
                }
              },
              "runAfter": {
                "Blank_Record_GUID_as_String_-_Power_Pages_Sites": [
                  "Succeeded"
                ]
              },
              "metadata": {
                "operationMetadataId": "0aae8cab-3420-49e0-8627-32e07fe2a81a"
              },
              "type": "Foreach"
            },
            "Apply_to_each_missing_Record_GUID_-_Desktop_Flows": {
              "foreach": "@outputs('Blank_Record_GUID_as_String_-_Desktop_Flows')?['body/value']",
              "actions": {
                "Add_Record_GUID_-_Desktop_Flows": {
                  "runAfter": {},
                  "metadata": {
                    "operationMetadataId": "b1001099-d098-4753-b681-d06f39bb1a31"
                  },
                  "type": "OpenApiConnection",
                  "inputs": {
                    "host": {
                      "connectionName": "shared_commondataserviceforapps_1",
                      "operationId": "UpdateRecord",
                      "apiId": "/providers/Microsoft.PowerApps/apis/shared_commondataserviceforapps"
                    },
                    "parameters": {
                      "entityName": "admin_rpas",
                      "recordId": "@items('Apply_to_each_missing_Record_GUID_-_Desktop_Flows')?['admin_rpaid']",
                      "item/admin_recordguidasstring": "@items('Apply_to_each_missing_Record_GUID_-_Desktop_Flows')?['admin_rpaid']"
                    },
                    "authentication": "@parameters('$authentication')"
                  }
                }
              },
              "runAfter": {
                "Blank_Record_GUID_as_String_-_Desktop_Flows": [
                  "Succeeded"
                ]
              },
              "metadata": {
                "operationMetadataId": "872e0a6f-ec13-4a12-b08b-175758bbc2bb"
              },
              "type": "Foreach"
            },
            "Apply_to_each_missing_Record_GUID_-_Business_Process_Flows": {
              "foreach": "@outputs('Blank_Record_GUID_as_String_-_Business_Process_Flows')?['body/value']",
              "actions": {
                "Add_Record_GUID_-_Business_Process_Flows": {
                  "runAfter": {},
                  "metadata": {
                    "operationMetadataId": "12c28a53-022b-4e36-8fc5-286d85e45874"
                  },
                  "type": "OpenApiConnection",
                  "inputs": {
                    "host": {
                      "connectionName": "shared_commondataserviceforapps_1",
                      "operationId": "UpdateRecord",
                      "apiId": "/providers/Microsoft.PowerApps/apis/shared_commondataserviceforapps"
                    },
                    "parameters": {
                      "entityName": "admin_businessprocessflowses",
                      "recordId": "@items('Apply_to_each_missing_Record_GUID_-_Business_Process_Flows')?['admin_businessprocessflowsid']",
                      "item/admin_recordguidasstring": "@items('Apply_to_each_missing_Record_GUID_-_Business_Process_Flows')?['admin_businessprocessflowsid']"
                    },
                    "authentication": "@parameters('$authentication')"
                  }
                }
              },
              "runAfter": {
                "Blank_Record_GUID_as_String_-_Business_Process_Flows": [
                  "Succeeded"
                ]
              },
              "metadata": {
                "operationMetadataId": "ce8343ce-4625-41f8-b98d-2f9444adbd97"
              },
              "type": "Foreach"
            },
            "Apply_to_each_missing_Record_GUID_-_Solutions": {
              "foreach": "@outputs('Blank_Record_GUID_as_String_-_Solutions')?['body/value']",
              "actions": {
                "Add_Record_GUID_-_Solutions": {
                  "runAfter": {},
                  "metadata": {
                    "operationMetadataId": "03b63e02-ada9-4163-9d8e-c6ee9e403512"
                  },
                  "type": "OpenApiConnection",
                  "inputs": {
                    "host": {
                      "connectionName": "shared_commondataserviceforapps_1",
                      "operationId": "UpdateRecord",
                      "apiId": "/providers/Microsoft.PowerApps/apis/shared_commondataserviceforapps"
                    },
                    "parameters": {
                      "entityName": "admin_solutions",
                      "recordId": "@items('Apply_to_each_missing_Record_GUID_-_Solutions')?['admin_solutionid']",
                      "item/admin_recordguidasstring": "@items('Apply_to_each_missing_Record_GUID_-_Solutions')?['admin_solutionid']"
                    },
                    "authentication": "@parameters('$authentication')"
                  }
                }
              },
              "runAfter": {
                "Blank_Record_GUID_as_String_-_Solutions": [
                  "Succeeded"
                ]
              },
              "metadata": {
                "operationMetadataId": "ba8b8ea0-2f64-428b-8190-a1af91ec0544"
              },
              "type": "Foreach"
            },
            "Apply_to_each_missing_Record_GUID_-_Power_Apps": {
              "foreach": "@outputs('Blank_Record_GUID_as_String_-_Power_Apps')?['body/value']",
              "actions": {
                "Add_Record_GUID_-_Power_Apps": {
                  "runAfter": {},
                  "metadata": {
                    "operationMetadataId": "a9aef804-6deb-4edc-a202-0ed6f8ff5621"
                  },
                  "type": "OpenApiConnection",
                  "inputs": {
                    "host": {
                      "connectionName": "shared_commondataserviceforapps_1",
                      "operationId": "UpdateRecord",
                      "apiId": "/providers/Microsoft.PowerApps/apis/shared_commondataserviceforapps"
                    },
                    "parameters": {
                      "entityName": "admin_apps",
                      "recordId": "@items('Apply_to_each_missing_Record_GUID_-_Power_Apps')?['admin_appid']",
                      "item/admin_recordguidasstring": "@items('Apply_to_each_missing_Record_GUID_-_Power_Apps')?['admin_appid']"
                    },
                    "authentication": "@parameters('$authentication')"
                  }
                }
              },
              "runAfter": {
                "Blank_Record_GUID_as_String_-_Power_Apps": [
                  "Succeeded"
                ]
              },
              "metadata": {
                "operationMetadataId": "a29c7704-00d0-4a85-818c-4f8e704b84e5"
              },
              "type": "Foreach"
            },
            "Blank_Record_GUID_as_String_-_Environment_Business_Area": {
              "runAfter": {
                "Apply_to_each_missing_Record_GUID_-_PVA_Component": [
                  "Succeeded"
                ]
              },
              "metadata": {
                "operationMetadataId": "f170b27d-4519-48c7-85fe-da71cdb39dcd"
              },
              "type": "OpenApiConnection",
              "inputs": {
                "host": {
                  "connectionName": "shared_commondataserviceforapps_1",
                  "operationId": "ListRecords",
                  "apiId": "/providers/Microsoft.PowerApps/apis/shared_commondataserviceforapps"
                },
                "parameters": {
                  "entityName": "admin_environmentbusinessareas",
                  "$select": "admin_environmentbusinessareaid",
                  "$filter": "admin_recordguidasstring eq null"
                },
                "authentication": "@parameters('$authentication')"
              },
              "runtimeConfiguration": {
                "paginationPolicy": {
                  "minimumItemCount": 100000
                }
              }
            },
            "Apply_to_each_missing_Record_GUID_-_Environment_Business_Area": {
              "foreach": "@outputs('Blank_Record_GUID_as_String_-_Environment_Business_Area')?['body/value']",
              "actions": {
                "Add_Record_GUID_-_Environment_Business_Area": {
                  "runAfter": {},
                  "metadata": {
                    "operationMetadataId": "45639f81-abb0-4ac9-9a81-abc31b74f8d7"
                  },
                  "type": "OpenApiConnection",
                  "inputs": {
                    "host": {
                      "connectionName": "shared_commondataserviceforapps_1",
                      "operationId": "UpdateRecord",
                      "apiId": "/providers/Microsoft.PowerApps/apis/shared_commondataserviceforapps"
                    },
                    "parameters": {
                      "entityName": "admin_environmentbusinessareas",
                      "recordId": "@items('Apply_to_each_missing_Record_GUID_-_Environment_Business_Area')?['admin_environmentbusinessareaid']",
                      "item/admin_recordguidasstring": "@items('Apply_to_each_missing_Record_GUID_-_Environment_Business_Area')?['admin_environmentbusinessareaid']"
                    },
                    "authentication": "@parameters('$authentication')"
                  }
                }
              },
              "runAfter": {
                "Blank_Record_GUID_as_String_-_Environment_Business_Area": [
                  "Succeeded"
                ]
              },
              "metadata": {
                "operationMetadataId": "ed408edb-ef36-4ba0-b2d2-c87689296474"
              },
              "type": "Foreach"
            },
            "Blank_Record_GUID_as_String_-_DLP_Policies": {
              "runAfter": {
                "Apply_to_each_missing_Record_GUID_-_Environment_Business_Area": [
                  "Succeeded"
                ]
              },
              "metadata": {
                "operationMetadataId": "f170b27d-4519-48c7-85fe-da71cdb39dcd"
              },
              "type": "OpenApiConnection",
              "inputs": {
                "host": {
                  "connectionName": "shared_commondataserviceforapps_1",
                  "operationId": "ListRecords",
                  "apiId": "/providers/Microsoft.PowerApps/apis/shared_commondataserviceforapps"
                },
                "parameters": {
                  "entityName": "admin_dlppolicies",
                  "$select": "admin_dlppolicyid",
                  "$filter": "admin_recordguidasstring eq null"
                },
                "authentication": "@parameters('$authentication')"
              },
              "runtimeConfiguration": {
                "paginationPolicy": {
                  "minimumItemCount": 100000
                }
              }
            },
            "Apply_to_each_missing_Record_GUID_-_DLP_Policies": {
              "foreach": "@outputs('Blank_Record_GUID_as_String_-_DLP_Policies')?['body/value']",
              "actions": {
                "Add_Record_GUID_-_DLP_Policies": {
                  "runAfter": {},
                  "metadata": {
                    "operationMetadataId": "4626ec36-c368-41f0-b90c-9423f9f4f510"
                  },
                  "type": "OpenApiConnection",
                  "inputs": {
                    "host": {
                      "connectionName": "shared_commondataserviceforapps_1",
                      "operationId": "UpdateRecord",
                      "apiId": "/providers/Microsoft.PowerApps/apis/shared_commondataserviceforapps"
                    },
                    "parameters": {
                      "entityName": "admin_dlppolicies",
                      "recordId": "@items('Apply_to_each_missing_Record_GUID_-_DLP_Policies')?['admin_dlppolicyid']",
                      "item/admin_recordguidasstring": "@items('Apply_to_each_missing_Record_GUID_-_DLP_Policies')?['admin_dlppolicyid']"
                    },
                    "authentication": "@parameters('$authentication')"
                  }
                }
              },
              "runAfter": {
                "Blank_Record_GUID_as_String_-_DLP_Policies": [
                  "Succeeded"
                ]
              },
              "metadata": {
                "operationMetadataId": "ed408edb-ef36-4ba0-b2d2-c87689296474"
              },
              "type": "Foreach"
            }
          },
          "runAfter": {
            "Initialize_variable_flowEnvironment": [
              "Succeeded"
            ]
          },
          "metadata": {
            "operationMetadataId": "2ef5c264-64e7-475b-ba13-72c01946ca0e"
          },
          "type": "Scope",
          "description": "We will build to this clean up over time. For now just a few to get it started"
        },
        "Delete_Bad_Data_fails_-_Error_Handling": {
          "actions": {
            "Create_a_new_record_-_Sync_Flow_Errors": {
              "runAfter": {},
              "metadata": {
                "operationMetadataId": "d0d3fa63-1389-489b-b06c-e0b6d9f662fe"
              },
              "type": "OpenApiConnection",
              "inputs": {
                "host": {
                  "connectionName": "shared_commondataserviceforapps",
                  "operationId": "CreateRecord",
                  "apiId": "/providers/Microsoft.PowerApps/apis/shared_commondataserviceforapps"
                },
                "parameters": {
                  "entityName": "admin_syncflowerrorses",
                  "item/admin_name": "CLEANUP - Admin | Sync Template v3 (Delete Bad Data)",
                  "item/admin_flowinstanceurl": "@concat(variables('flowEnvironment'), workflow()?['tags']['environmentName'], '/flows/', workflow()?['name'], '/runs/', workflow()?['run']['name'])"
                },
                "authentication": "@parameters('$authentication')",
                "retryPolicy": {
                  "type": "exponential",
                  "count": 10,
                  "interval": "PT10S"
                }
              }
            },
            "Terminate": {
              "runAfter": {
                "Create_a_new_record_-_Sync_Flow_Errors": [
                  "Succeeded"
                ]
              },
              "metadata": {
                "operationMetadataId": "b424ce9b-0ed5-4b3f-ae8b-d2d73e65de9b"
              },
              "type": "Terminate",
              "inputs": {
                "runStatus": "Failed",
                "runError": {
                  "code": "500",
                  "message": "Delete Bad Data Failed"
                }
              }
            }
          },
          "runAfter": {
            "Delete_Bad_Data": [
              "Failed"
            ]
          },
          "metadata": {
            "operationMetadataId": "db004319-0e84-4fa9-8339-14c67f1e97b5"
          },
          "type": "Scope"
        },
        "Initialize_variable_flowEnvironment": {
          "runAfter": {},
          "metadata": {
            "operationMetadataId": "ec77f66a-62c5-44cb-951d-60749199ff32"
          },
          "type": "InitializeVariable",
          "inputs": {
            "variables": [
              {
                "name": "flowEnvironment",
                "type": "string",
                "value": "@parameters('Power Automate Environment Variable (admin_PowerAutomateEnvironmentVariable)')"
              }
            ]
          },
          "description": "Environment location specific Flow URL - remember / at the end"
        }
      },
      "outputs": {}
    }
  },
  "schemaVersion": "1.0.0.0"
}