{
  "properties": {
    "connectionReferences": {
      "shared_flowmanagement": {
        "runtimeSource": "invoker",
        "connection": {
          "connectionReferenceLogicalName": "admin_CoECorePowerAutomateManagement"
        },
        "api": {
          "name": "shared_flowmanagement"
        }
      }
    },
    "definition": {
      "$schema": "https://schema.management.azure.com/providers/Microsoft.Logic/schemas/2016-06-01/workflowdefinition.json#",
      "contentVersion": "1.0.0.0",
      "parameters": {
        "$connections": {
          "defaultValue": {},
          "type": "Object"
        },
        "$authentication": {
          "defaultValue": {},
          "type": "SecureObject"
        }
      },
      "triggers": {
        "manual": {
          "metadata": {
            "operationMetadataId": "59325ad1-9f92-4005-8879-a9114e6f49ac"
          },
          "type": "Request",
          "kind": "PowerAppV2",
          "inputs": {
            "schema": {
              "type": "object",
              "properties": {
                "text": {
                  "title": "envtGUID",
                  "type": "string",
                  "x-ms-dynamically-added": true,
                  "description": "Please enter your input",
                  "x-ms-content-hint": "TEXT"
                },
                "boolean": {
                  "title": "TurnOn",
                  "type": "boolean",
                  "x-ms-dynamically-added": true,
                  "description": "Please select yes or no",
                  "x-ms-content-hint": "BOOLEAN"
                },
                "text_1": {
                  "title": "flowID",
                  "type": "string",
                  "x-ms-dynamically-added": true,
                  "description": "Please enter your input",
                  "x-ms-content-hint": "TEXT"
                }
              },
              "required": [
                "text",
                "boolean",
                "text_1"
              ]
            }
          }
        }
      },
      "actions": {
        "Turn_on_or_off": {
          "actions": {
            "Turn_On_Flow": {
              "runAfter": {},
              "metadata": {
                "operationMetadataId": "06db85ad-b6ad-4de1-b336-4c98e7d1cfb0"
              },
              "type": "OpenApiConnection",
              "inputs": {
                "host": {
                  "connectionName": "shared_flowmanagement",
                  "operationId": "StartFlow",
                  "apiId": "/providers/Microsoft.PowerApps/apis/shared_flowmanagement"
                },
                "parameters": {
                  "environmentName": "@triggerBody()['text']",
                  "flowName": "@triggerBody()['text_1']"
                },
                "authentication": "@parameters('$authentication')"
              }
            },
            "catch_fail_to_turn_on": {
              "runAfter": {
                "Turn_On_Flow": [
                  "Failed"
                ]
              },
              "metadata": {
                "operationMetadataId": "a3e5e1c9-ec2a-480b-bc93-98ed331ade6d"
              },
              "type": "SetVariable",
              "inputs": {
                "name": "return",
                "value": "fail"
              }
            }
          },
          "runAfter": {
            "Initialize_return_to_pass": [
              "Succeeded"
            ]
          },
          "else": {
            "actions": {
              "Turn_Off_Flow": {
                "runAfter": {},
                "metadata": {
                  "operationMetadataId": "29449f70-7c41-4432-833f-e23640992963"
                },
                "type": "OpenApiConnection",
                "inputs": {
                  "host": {
                    "connectionName": "shared_flowmanagement",
                    "operationId": "StopFlow",
                    "apiId": "/providers/Microsoft.PowerApps/apis/shared_flowmanagement"
                  },
                  "parameters": {
                    "environmentName": "@triggerBody()['text']",
                    "flowName": "@triggerBody()['text_1']"
                  },
                  "authentication": "@parameters('$authentication')"
                }
              },
              "catch_fail_to_turn_off": {
                "runAfter": {
                  "Turn_Off_Flow": [
                    "Failed"
                  ]
                },
                "metadata": {
                  "operationMetadataId": "139727fd-f6ad-472f-b1db-aa8fbb9c8e6e"
                },
                "type": "SetVariable",
                "inputs": {
                  "name": "return",
                  "value": "fail"
                }
              }
            }
          },
          "expression": {
            "equals": [
              "@triggerBody()['boolean']",
              "@true"
            ]
          },
          "metadata": {
            "operationMetadataId": "133d292a-8761-4b8b-b244-bcb4c4a7d23b"
          },
          "type": "If"
        },
        "Respond_to_a_PowerApp_or_flow": {
          "runAfter": {
            "Turn_on_or_off": [
              "Succeeded"
            ]
          },
          "metadata": {
            "operationMetadataId": "2bdf9af0-9be2-4e40-b000-37c995f044db"
          },
          "type": "Response",
          "kind": "PowerApp",
          "inputs": {
            "statusCode": 200,
            "body": {
              "return": "@variables('return')"
            },
            "schema": {
              "type": "object",
              "properties": {
                "return": {
                  "title": "return",
                  "x-ms-dynamically-added": true,
                  "type": "string"
                }
              }
            }
          }
        },
        "Initialize_return_to_pass": {
          "runAfter": {},
          "metadata": {
            "operationMetadataId": "5fd5e8d6-b5e8-43c6-a21a-a07de239e334"
          },
          "type": "InitializeVariable",
          "inputs": {
            "variables": [
              {
                "name": "return",
                "type": "string",
                "value": "pass"
              }
            ]
          }
        }
      },
      "outputs": {}
    }
  },
  "schemaVersion": "1.0.0.0"
}