{
  "properties": {
    "connectionReferences": {
      "shared_powerappsforadmins_1": {
        "runtimeSource": "invoker",
        "connection": {
          "connectionReferenceLogicalName": "admin_CoECorePowerAppsAdmin"
        },
        "api": {
          "name": "shared_powerappsforadmins"
        }
      },
      "shared_commondataserviceforapps": {
        "impersonation": {},
        "runtimeSource": "embedded",
        "connection": {
          "connectionReferenceLogicalName": "admin_CoECoreDataverseForApps"
        },
        "api": {
          "name": "shared_commondataserviceforapps"
        }
      }
    },
    "definition": {
      "$schema": "https://schema.management.azure.com/providers/Microsoft.Logic/schemas/2016-06-01/workflowdefinition.json#",
      "contentVersion": "1.0.0.0",
      "parameters": {
        "$connections": {
          "defaultValue": {},
          "type": "Object"
        },
        "$authentication": {
          "defaultValue": {},
          "type": "SecureObject"
        }
      },
      "triggers": {
        "manual": {
          "metadata": {
            "operationMetadataId": "14de6e56-f828-4e0a-b91b-259942eb5f95"
          },
          "type": "Request",
          "kind": "PowerAppV2",
          "inputs": {
            "schema": {
              "type": "object",
              "properties": {},
              "required": []
            }
          }
        }
      },
      "actions": {
        "Get_Apps_as_Admin": {
          "runAfter": {
            "Parse_JSON": [
              "Succeeded"
            ]
          },
          "metadata": {
            "operationMetadataId": "99f49104-4719-48e1-ba85-405c9d5a3e5a"
          },
          "type": "OpenApiConnection",
          "inputs": {
            "host": {
              "apiId": "/providers/Microsoft.PowerApps/apis/shared_powerappsforadmins",
              "connectionName": "shared_powerappsforadmins_1",
              "operationId": "Get-AdminApps"
            },
            "parameters": {
              "environment": "@body('Parse_JSON')?['tags']?['environmentName']",
              "api-version": "2016-11-01",
              "$top": 250
            },
            "authentication": {
              "value": "@json(decodeBase64(triggerOutputs().headers['X-MS-APIM-Tokens']))['$ConnectionKey']",
              "type": "Raw"
            }
          }
        },
        "Apply_to_each_app_in_this_environment": {
          "foreach": "@outputs('Get_Apps_as_Admin')?['body/value']",
          "actions": {
            "Get_Logical_Name": {
              "runAfter": {},
              "metadata": {
                "operationMetadataId": "0f112fd0-22d4-40e9-baae-2598841c63dc"
              },
              "type": "Compose",
              "inputs": "@items('Apply_to_each_app_in_this_environment')['logicalName']"
            },
            "Check_if_CoE_app": {
              "actions": {
                "See_if_canvas_app_already_collected": {
                  "runAfter": {},
                  "metadata": {
                    "operationMetadataId": "bc13915a-b022-441a-b83c-c30651493578"
                  },
                  "type": "OpenApiConnection",
                  "inputs": {
                    "host": {
                      "apiId": "/providers/Microsoft.PowerApps/apis/shared_commondataserviceforapps",
                      "connectionName": "shared_commondataserviceforapps",
                      "operationId": "ListRecords"
                    },
                    "parameters": {
                      "entityName": "admin_commandcenterconfigs",
                      "$select": "admin_name",
                      "$filter": "admin_name eq '@{items('Apply_to_each_app_in_this_environment')?['properties/displayName']}'",
                      "$top": 1
                    },
                    "authentication": "@parameters('$authentication')"
                  }
                },
                "Add_canvas_if_new": {
                  "actions": {
                    "Add_canvas": {
                      "runAfter": {},
                      "metadata": {
                        "operationMetadataId": "252ec567-d8b5-46c7-ba1b-832ae15bec37"
                      },
                      "type": "OpenApiConnection",
                      "inputs": {
                        "host": {
                          "apiId": "/providers/Microsoft.PowerApps/apis/shared_commondataserviceforapps",
                          "connectionName": "shared_commondataserviceforapps",
                          "operationId": "CreateRecord"
                        },
                        "parameters": {
                          "entityName": "admin_commandcenterconfigs",
                          "item/admin_name": "@items('Apply_to_each_app_in_this_environment')?['properties/displayName']",
                          "item/admin_link": "@items('Apply_to_each_app_in_this_environment')?['properties/appOpenUri']",
                          "item/admin_resourcetype": 597910000,
                          "item/admin_showinadmincommandcenter": true
                        },
                        "authentication": "@parameters('$authentication')"
                      }
                    }
                  },
                  "runAfter": {
                    "See_if_canvas_app_already_collected": [
                      "Succeeded"
                    ]
                  },
                  "expression": {
                    "less": [
                      "@length(outputs('See_if_canvas_app_already_collected')?['body/value'])",
                      1
                    ]
                  },
                  "metadata": {
                    "operationMetadataId": "dce5927a-8c6e-4f50-b3e3-0ea1fb589198"
                  },
                  "type": "If"
                }
              },
              "runAfter": {
                "Catch_-_App_Deleted_-_product_caching_issue": [
                  "Skipped"
                ]
              },
              "expression": {
                "or": [
                  {
                    "startsWith": [
                      "@items('Apply_to_each_app_in_this_environment')['logicalName']",
                      "admin_"
                    ]
                  },
                  {
                    "startsWith": [
                      "@items('Apply_to_each_app_in_this_environment')['logicalName']",
                      "coe_"
                    ]
                  }
                ]
              },
              "metadata": {
                "operationMetadataId": "fcbd44e2-048d-4bf4-92d3-47d831179631"
              },
              "type": "If"
            },
            "Catch_-_App_Deleted_-_product_caching_issue": {
              "runAfter": {
                "Get_Logical_Name": [
                  "Failed"
                ]
              },
              "metadata": {
                "operationMetadataId": "e00e0b8f-907f-4ff4-b91e-4ed33b2727fa"
              },
              "type": "Compose",
              "inputs": "Catch - App Deleted - product caching issue"
            }
          },
          "runAfter": {
            "Get_Apps_as_Admin": [
              "Succeeded"
            ]
          },
          "metadata": {
            "operationMetadataId": "b05be1b9-0970-4c74-a551-2d1de684ff20"
          },
          "type": "Foreach"
        },
        "Apply_to_each_model_driven_app_in_this_environment": {
          "foreach": "@outputs('Get_Model_Driven_Apps')?['body/value']",
          "actions": {
            "Check_if_CoE_model_driven_app": {
              "actions": {
                "See_if_model_driven_app_already_collected": {
                  "runAfter": {},
                  "metadata": {
                    "operationMetadataId": "7685545a-17d0-4307-8497-fb244345454e"
                  },
                  "type": "OpenApiConnection",
                  "inputs": {
                    "host": {
                      "apiId": "/providers/Microsoft.PowerApps/apis/shared_commondataserviceforapps",
                      "connectionName": "shared_commondataserviceforapps",
                      "operationId": "ListRecords"
                    },
                    "parameters": {
                      "entityName": "admin_commandcenterconfigs",
                      "$select": "admin_name",
                      "$filter": "admin_name eq '@{items('Apply_to_each_model_driven_app_in_this_environment')?['name']}'",
                      "$top": 1
                    },
                    "authentication": "@parameters('$authentication')"
                  }
                },
                "Add_model_driven_app_if_new": {
                  "actions": {
                    "Add_Model_Driven_App": {
                      "runAfter": {
                        "Compose_URL": [
                          "Succeeded"
                        ]
                      },
                      "metadata": {
                        "operationMetadataId": "6df0be82-93eb-432d-bde5-bbcd228fa6db"
                      },
                      "type": "OpenApiConnection",
                      "inputs": {
                        "host": {
                          "apiId": "/providers/Microsoft.PowerApps/apis/shared_commondataserviceforapps",
                          "connectionName": "shared_commondataserviceforapps",
                          "operationId": "CreateRecord"
                        },
                        "parameters": {
                          "entityName": "admin_commandcenterconfigs",
                          "item/admin_name": "@items('Apply_to_each_model_driven_app_in_this_environment')?['name']",
                          "item/admin_link": "@outputs('Compose_URL')",
                          "item/admin_resourcetype": 597910000,
                          "item/admin_showinadmincommandcenter": true
                        },
                        "authentication": "@parameters('$authentication')"
                      }
                    },
                    "Compose_URL": {
                      "runAfter": {
                        "Compose": [
                          "Succeeded"
                        ]
                      },
                      "metadata": {
                        "operationMetadataId": "4a688705-44df-491e-9733-663306b5ac2c"
                      },
                      "type": "Compose",
                      "inputs": "https://@{outputs('Compose')[2]}/main.aspx?appid=@{items('Apply_to_each_model_driven_app_in_this_environment')?['appmoduleid']}"
                    },
                    "Compose": {
                      "runAfter": {},
                      "metadata": {
                        "operationMetadataId": "915378e4-01a8-4f08-bbb1-627ea983ec7b"
                      },
                      "type": "Compose",
                      "inputs": "@split(items('Apply_to_each_model_driven_app_in_this_environment')?['@odata.id'], '/')"
                    }
                  },
                  "runAfter": {
                    "See_if_model_driven_app_already_collected": [
                      "Succeeded"
                    ]
                  },
                  "expression": {
                    "less": [
                      "@length(outputs('See_if_model_driven_app_already_collected')?['body/value'])",
                      1
                    ]
                  },
                  "metadata": {
                    "operationMetadataId": "8526b867-97ac-4348-bb3f-507aed928fcc"
                  },
                  "type": "If"
                }
              },
              "runAfter": {},
              "expression": {
                "or": [
                  {
                    "startsWith": [
                      "@items('Apply_to_each_model_driven_app_in_this_environment')?['uniquename']",
                      "admin_"
                    ]
                  },
                  {
                    "startsWith": [
                      "@items('Apply_to_each_model_driven_app_in_this_environment')?['uniquename']",
                      "coe_"
                    ]
                  }
                ]
              },
              "metadata": {
                "operationMetadataId": "95772bf8-816c-4068-9d65-8f52019adfd2"
              },
              "type": "If"
            }
          },
          "runAfter": {
            "Get_Model_Driven_Apps": [
              "Succeeded"
            ]
          },
          "metadata": {
            "operationMetadataId": "109162ed-5760-4649-8a19-0691bc22f5c7"
          },
          "type": "Foreach"
        },
        "Respond_to_a_PowerApp_or_flow": {
          "runAfter": {
            "Apply_to_each_model_driven_app_in_this_environment": [
              "Succeeded"
            ]
          },
          "metadata": {
            "operationMetadataId": "25daa418-17c7-4a68-b330-1d6d477757af"
          },
          "type": "Response",
          "kind": "PowerApp",
          "inputs": {
            "statusCode": 200,
            "body": {
              "response": "OK"
            },
            "schema": {
              "type": "object",
              "properties": {
                "response": {
                  "title": "Response",
                  "x-ms-dynamically-added": true,
                  "type": "string"
                }
              }
            }
          }
        },
        "Parse_JSON": {
          "runAfter": {},
          "metadata": {
            "operationMetadataId": "91a1e6b6-cf05-423f-8723-644f93c2d1ec"
          },
          "type": "ParseJson",
          "inputs": {
            "content": "@workflow()",
            "schema": {
              "type": "object",
              "properties": {
                "id": {
                  "type": "string"
                },
                "name": {
                  "type": "string"
                },
                "type": {
                  "type": "string"
                },
                "location": {
                  "type": "string"
                },
                "tags": {
                  "type": "object",
                  "properties": {
                    "flowDisplayName": {
                      "type": "string"
                    },
                    "environmentName": {
                      "type": "string"
                    },
                    "logicAppName": {
                      "type": "string"
                    },
                    "environmentWorkflowId": {
                      "type": "string"
                    },
                    "xrmWorkflowId": {
                      "type": "string"
                    },
                    "environmentFlowSuspensionReason": {
                      "type": "string"
                    },
                    "sharingType": {
                      "type": "string"
                    }
                  }
                },
                "run": {
                  "type": "object",
                  "properties": {
                    "id": {
                      "type": "string"
                    },
                    "name": {
                      "type": "string"
                    },
                    "type": {
                      "type": "string"
                    }
                  }
                }
              }
            }
          }
        },
        "Get_Model_Driven_Apps": {
          "runAfter": {
            "Apply_to_each_app_in_this_environment": [
              "Succeeded"
            ]
          },
          "metadata": {
            "operationMetadataId": "604f7f44-79da-4580-a1e2-e2ccd0a7b4c4"
          },
          "type": "OpenApiConnection",
          "inputs": {
            "host": {
              "apiId": "/providers/Microsoft.PowerApps/apis/shared_commondataserviceforapps",
              "connectionName": "shared_commondataserviceforapps",
              "operationId": "ListRecords"
            },
            "parameters": {
              "entityName": "appmodules",
              "$select": "name, uniquename",
              "$filter": "uniquename ne null"
            },
            "authentication": "@parameters('$authentication')"
          }
        }
      },
      "outputs": {}
    }
  },
  "schemaVersion": "1.0.0.0"
}