{
  "properties": {
    "connectionReferences": {
      "shared_commondataserviceforapps_1": {
        "runtimeSource": "embedded",
        "connection": {
          "connectionReferenceLogicalName": "admin_CoECoreDataverseForApps"
        },
        "api": {
          "name": "shared_commondataserviceforapps"
        }
      }
    },
    "definition": {
      "$schema": "https://schema.management.azure.com/providers/Microsoft.Logic/schemas/2016-06-01/workflowdefinition.json#",
      "contentVersion": "1.0.0.0",
      "parameters": {
        "$connections": {
          "defaultValue": {},
          "type": "Object"
        },
        "$authentication": {
          "defaultValue": {},
          "type": "SecureObject"
        },
        "TenantID (admin_TenantID)": {
          "defaultValue": "8a235459-3d2c-415d-8c1e-e2fe133509ad",
          "type": "String",
          "metadata": {
            "schemaName": "admin_TenantID",
            "description": "Azure Tenant ID"
          }
        }
      },
      "triggers": {
        "manual": {
          "metadata": {
            "operationMetadataId": "18fc65d2-021e-49ce-867a-e8fdf51e2cf6"
          },
          "type": "Request",
          "kind": "PowerApp",
          "inputs": {
            "schema": {
              "type": "object",
              "properties": {},
              "required": []
            }
          }
        }
      },
      "actions": {
        "List_serviceAnnouncements_from_Graph": {
          "runAfter": {
            "Set_env_var_Azure_Secret": [
              "Succeeded"
            ]
          },
          "metadata": {
            "operationMetadataId": "58ce2497-c4ac-4371-a56a-698cf417f1b8"
          },
          "type": "Http",
          "inputs": {
            "method": "GET",
            "uri": "https://graph.microsoft.com/v1.0/admin/serviceAnnouncement/messages",
            "queries": {
              "$filter": "'Power Apps' in services or 'Microsoft Power Automate' in services or 'Power Apps in Microsoft 365' in services or 'Power Automate in Microsoft 365' in services or 'Power BI' in services"
            },
            "authentication": {
              "type": "ActiveDirectoryOAuth",
              "authority": "https://login.microsoftonline.com/",
              "tenant": "@parameters('TenantID (admin_TenantID)')",
              "audience": "https://graph.microsoft.com",
              "clientId": "@variables('theAppID')",
              "secret": "@{if(variables('Secret_AzureType'), body('Get_Azure_Secret')['EnvironmentVariableSecretValue'], variables('theTextSecret'))}"
            }
          }
        },
        "Select_Response_fields": {
          "runAfter": {
            "Parse_Response": [
              "Succeeded"
            ]
          },
          "metadata": {
            "operationMetadataId": "d6b96eba-e5f1-41a9-8a69-c0d9b56bafa2"
          },
          "type": "Select",
          "inputs": {
            "from": "@body('Parse_Response')",
            "select": {
              "title": "@item()['title']",
              "content": "@item()?['body']?['content']",
              "id": "@item()['id']",
              "category": "@item()['category']",
              "severity": "@item()['severity']",
              "lastUpdated": "@item()['lastModifiedDateTime']",
              "actBy": "@item()['actionRequiredByDateTime']",
              "services": "@item()['services']",
              "tags": "@item()['tags']"
            }
          }
        },
        "Parse_Response": {
          "runAfter": {
            "List_serviceAnnouncements_from_Graph": [
              "Succeeded"
            ]
          },
          "metadata": {
            "operationMetadataId": "0a520416-8ed4-44d6-95e0-16b1f21a82ba"
          },
          "type": "ParseJson",
          "inputs": {
            "content": "@body('List_serviceAnnouncements_from_Graph')?['value']",
            "schema": {
              "type": "array",
              "items": {
                "type": "object",
                "properties": {
                  "startDateTime": {
                    "type": "string"
                  },
                  "endDateTime": {
                    "type": "string"
                  },
                  "lastModifiedDateTime": {
                    "type": "string"
                  },
                  "title": {
                    "type": "string"
                  },
                  "id": {
                    "type": "string"
                  },
                  "category": {
                    "type": "string"
                  },
                  "severity": {
                    "type": "string"
                  },
                  "tags": {
                    "type": "array",
                    "items": {
                      "type": "string"
                    }
                  },
                  "isMajorChange": {
                    "type": "boolean"
                  },
                  "actionRequiredByDateTime": {},
                  "services": {
                    "type": "array",
                    "items": {
                      "type": "string"
                    }
                  },
                  "expiryDateTime": {},
                  "viewPoint": {},
                  "details": {
                    "type": "array"
                  },
                  "body": {
                    "type": "object",
                    "properties": {
                      "contentType": {
                        "type": "string"
                      },
                      "content": {
                        "type": "string"
                      }
                    }
                  }
                },
                "required": [
                  "startDateTime",
                  "endDateTime",
                  "lastModifiedDateTime",
                  "title",
                  "id",
                  "category",
                  "severity",
                  "tags",
                  "isMajorChange",
                  "actionRequiredByDateTime",
                  "services",
                  "expiryDateTime",
                  "viewPoint",
                  "details",
                  "body"
                ]
              }
            }
          }
        },
        "Response": {
          "runAfter": {
            "Select_Response_fields": [
              "Succeeded"
            ]
          },
          "metadata": {
            "operationMetadataId": "f39d2bb2-2237-4910-8754-8444590ecd21"
          },
          "type": "Response",
          "kind": "Http",
          "inputs": {
            "statusCode": 200,
            "body": "@body('Select_Response_fields')",
            "schema": {
              "type": "array",
              "items": {
                "type": "object",
                "properties": {
                  "title": {
                    "type": "string"
                  },
                  "content": {
                    "type": "string"
                  },
                  "id": {
                    "type": "string"
                  },
                  "category": {
                    "type": "string"
                  },
                  "severity": {
                    "type": "string"
                  },
                  "lastUpdated": {
                    "type": "string"
                  },
                  "actBy": {
                    "type": "string"
                  },
                  "services": {
                    "type": "array",
                    "items": {
                      "type": "string"
                    }
                  },
                  "tags": {
                    "type": "array",
                    "items": {
                      "type": "string"
                    }
                  }
                }
              }
            }
          }
        },
        "Response_if_failed": {
          "runAfter": {
            "List_serviceAnnouncements_from_Graph": [
              "Failed"
            ]
          },
          "metadata": {
            "operationMetadataId": "fc83b3b9-9a23-45cd-826e-d904ea91b74d"
          },
          "type": "Response",
          "kind": "Http",
          "inputs": {
            "statusCode": 200,
            "body": []
          }
        },
        "Terminate": {
          "runAfter": {
            "Response_if_failed": [
              "Succeeded"
            ]
          },
          "metadata": {
            "operationMetadataId": "e3bc62c0-aace-4b99-96f4-e3ff6b3d5db7"
          },
          "type": "Terminate",
          "inputs": {
            "runStatus": "Succeeded"
          }
        },
        "Set_Secret_value_from_text_Secret": {
          "actions": {
            "ListDefns-TextSecret": {
              "runAfter": {},
              "metadata": {
                "operationMetadataId": "3e4048d2-4f28-43c6-8e87-83b68c7c79aa"
              },
              "type": "OpenApiConnection",
              "inputs": {
                "host": {
                  "connectionName": "shared_commondataserviceforapps_1",
                  "operationId": "ListRecords",
                  "apiId": "/providers/Microsoft.PowerApps/apis/shared_commondataserviceforapps"
                },
                "parameters": {
                  "entityName": "environmentvariabledefinitions",
                  "$select": "environmentvariabledefinitionid, defaultvalue",
                  "$filter": "schemaname eq 'admin_commandcenterclientsecret'"
                },
                "authentication": {
                  "type": "Raw",
                  "value": "@json(decodeBase64(triggerOutputs().headers['X-MS-APIM-Tokens']))['$ConnectionKey']"
                }
              },
              "runtimeConfiguration": {
                "paginationPolicy": {
                  "minimumItemCount": 100000
                }
              }
            },
            "Get_ID_from_text_secret": {
              "runAfter": {
                "ListDefns-TextSecret": [
                  "Succeeded"
                ]
              },
              "metadata": {
                "operationMetadataId": "35daa390-ef10-4e7a-ad74-4616a48dfc39"
              },
              "type": "Compose",
              "inputs": "@first(body('ListDefns-TextSecret')?['value'])?['environmentvariabledefinitionid']"
            },
            "Set_to_current_or_default_-_TextSecret": {
              "actions": {
                "Set_theTextSecret_-_CurrentValue": {
                  "runAfter": {},
                  "metadata": {
                    "operationMetadataId": "48e7d428-6134-4592-8a06-b7f1e52518ac"
                  },
                  "type": "SetVariable",
                  "inputs": {
                    "name": "theTextSecret",
                    "value": "@{first(body('ListCurrents-TextSecret')?['value'])?['Value']}"
                  }
                }
              },
              "runAfter": {
                "ListCurrents-TextSecret": [
                  "Succeeded"
                ]
              },
              "else": {
                "actions": {
                  "Set_theTextSecret_-_DefaultValue": {
                    "runAfter": {},
                    "metadata": {
                      "operationMetadataId": "c20649bc-6bdb-4e9c-bf7c-bad351afd877"
                    },
                    "type": "SetVariable",
                    "inputs": {
                      "name": "theTextSecret",
                      "value": "@{first(body('ListDefns-TextSecret')?['value'])?['defaultvalue']}"
                    }
                  }
                }
              },
              "expression": {
                "greaterOrEquals": [
                  "@length(body('ListCurrents-TextSecret')?['value'])",
                  1
                ]
              },
              "metadata": {
                "operationMetadataId": "c2ad9e77-30d4-4855-89ee-691169650c0d"
              },
              "type": "If"
            },
            "ListCurrents-TextSecret": {
              "runAfter": {
                "Get_ID_from_text_secret": [
                  "Succeeded"
                ]
              },
              "metadata": {
                "operationMetadataId": "db44e18b-c951-43be-8ed2-990fa2721e87"
              },
              "type": "OpenApiConnection",
              "inputs": {
                "host": {
                  "connectionName": "shared_commondataserviceforapps_1",
                  "operationId": "ListRecords",
                  "apiId": "/providers/Microsoft.PowerApps/apis/shared_commondataserviceforapps"
                },
                "parameters": {
                  "entityName": "environmentvariablevalues",
                  "$select": "value",
                  "$filter": "_environmentvariabledefinitionid_value eq @{outputs('Get_ID_from_text_secret')}"
                },
                "authentication": {
                  "type": "Raw",
                  "value": "@json(decodeBase64(triggerOutputs().headers['X-MS-APIM-Tokens']))['$ConnectionKey']"
                }
              },
              "runtimeConfiguration": {
                "paginationPolicy": {
                  "minimumItemCount": 100000
                }
              }
            }
          },
          "runAfter": {
            "Set_env_var_from_AppID": [
              "Succeeded"
            ]
          },
          "metadata": {
            "operationMetadataId": "550ccacb-97c0-4b23-8eae-d781f108c319"
          },
          "type": "Scope",
          "description": "must use old technique for fetching as env var is optional"
        },
        "Initialize_theTextSecret": {
          "runAfter": {
            "Initialize_appID": [
              "Succeeded"
            ]
          },
          "metadata": {
            "operationMetadataId": "8b1e1654-f936-473c-95f8-fcd9869e2f72"
          },
          "type": "InitializeVariable",
          "inputs": {
            "variables": [
              {
                "name": "theTextSecret",
                "type": "string"
              }
            ]
          }
        },
        "Initialize_Secret_AzureType_to_true": {
          "runAfter": {
            "Initialize_theTextSecret": [
              "Succeeded"
            ]
          },
          "metadata": {
            "operationMetadataId": "4fb2b304-6d7c-407e-a2c1-782ba52b4567"
          },
          "type": "InitializeVariable",
          "inputs": {
            "variables": [
              {
                "name": "Secret_AzureType",
                "type": "boolean",
                "value": "@true"
              }
            ]
          }
        },
        "Set_env_var_Azure_Secret": {
          "actions": {
            "Get_Azure_Secret": {
              "runAfter": {},
              "metadata": {
                "operationMetadataId": "5eb8fe09-aecb-4128-ad70-91257c070c90"
              },
              "type": "OpenApiConnection",
              "inputs": {
                "host": {
                  "connectionName": "shared_commondataserviceforapps_1",
                  "operationId": "PerformUnboundAction",
                  "apiId": "/providers/Microsoft.PowerApps/apis/shared_commondataserviceforapps"
                },
                "parameters": {
                  "actionName": "RetrieveEnvironmentVariableSecretValue",
                  "item/EnvironmentVariableName": "admin_commandcenterclientazuresecret"
                },
                "authentication": {
                  "type": "Raw",
                  "value": "@json(decodeBase64(triggerOutputs().headers['X-MS-APIM-Tokens']))['$ConnectionKey']"
                }
              },
              "runtimeConfiguration": {
                "secureData": {
                  "properties": [
                    "outputs"
                  ]
                }
              }
            },
            "Set_Secret_AzureType_to_false_if_failed": {
              "runAfter": {
                "Get_Azure_Secret": [
                  "Failed"
                ]
              },
              "metadata": {
                "operationMetadataId": "70626779-a669-4be0-9727-1bfa0d65c4e3"
              },
              "type": "SetVariable",
              "inputs": {
                "name": "Secret_AzureType",
                "value": "@false"
              }
            }
          },
          "runAfter": {
            "Set_Secret_value_from_text_Secret": [
              "Succeeded"
            ]
          },
          "metadata": {
            "operationMetadataId": "550ccacb-97c0-4b23-8eae-d781f108c319"
          },
          "type": "Scope",
          "description": "must use old technique for fetching as env var is optional"
        },
        "Set_env_var_from_AppID": {
          "actions": {
            "ListDefns-AppID": {
              "runAfter": {},
              "metadata": {
                "operationMetadataId": "3e4048d2-4f28-43c6-8e87-83b68c7c79aa"
              },
              "type": "OpenApiConnection",
              "inputs": {
                "host": {
                  "connectionName": "shared_commondataserviceforapps_1",
                  "operationId": "ListRecords",
                  "apiId": "/providers/Microsoft.PowerApps/apis/shared_commondataserviceforapps"
                },
                "parameters": {
                  "entityName": "environmentvariabledefinitions",
                  "$select": "environmentvariabledefinitionid, defaultvalue",
                  "$filter": "schemaname eq 'admin_commandcenterapplicationclientid'"
                },
                "authentication": {
                  "type": "Raw",
                  "value": "@json(decodeBase64(triggerOutputs().headers['X-MS-APIM-Tokens']))['$ConnectionKey']"
                }
              },
              "runtimeConfiguration": {
                "paginationPolicy": {
                  "minimumItemCount": 100000
                }
              }
            },
            "Get_ID_from_AppID": {
              "runAfter": {
                "ListDefns-AppID": [
                  "Succeeded"
                ]
              },
              "metadata": {
                "operationMetadataId": "35daa390-ef10-4e7a-ad74-4616a48dfc39"
              },
              "type": "Compose",
              "inputs": "@first(body('ListDefns-AppID')?['value'])?['environmentvariabledefinitionid']"
            },
            "Set_to_current_or_default_-_AppID": {
              "actions": {
                "Set_AppID_-_CurrentValue": {
                  "runAfter": {},
                  "metadata": {
                    "operationMetadataId": "48e7d428-6134-4592-8a06-b7f1e52518ac"
                  },
                  "type": "SetVariable",
                  "inputs": {
                    "name": "theAppID",
                    "value": "@{first(body('ListCurrents-AppID')?['value'])?['Value']}"
                  }
                }
              },
              "runAfter": {
                "ListCurrents-AppID": [
                  "Succeeded"
                ]
              },
              "else": {
                "actions": {
                  "Set_AppID_-_DefaultValue": {
                    "runAfter": {},
                    "metadata": {
                      "operationMetadataId": "c20649bc-6bdb-4e9c-bf7c-bad351afd877"
                    },
                    "type": "SetVariable",
                    "inputs": {
                      "name": "theAppID",
                      "value": "@{first(body('ListDefns-AppID')?['value'])?['defaultvalue']}"
                    }
                  }
                }
              },
              "expression": {
                "greaterOrEquals": [
                  "@length(body('ListCurrents-AppID')?['value'])",
                  1
                ]
              },
              "metadata": {
                "operationMetadataId": "c2ad9e77-30d4-4855-89ee-691169650c0d"
              },
              "type": "If"
            },
            "ListCurrents-AppID": {
              "runAfter": {
                "Get_ID_from_AppID": [
                  "Succeeded"
                ]
              },
              "metadata": {
                "operationMetadataId": "db44e18b-c951-43be-8ed2-990fa2721e87"
              },
              "type": "OpenApiConnection",
              "inputs": {
                "host": {
                  "connectionName": "shared_commondataserviceforapps_1",
                  "operationId": "ListRecords",
                  "apiId": "/providers/Microsoft.PowerApps/apis/shared_commondataserviceforapps"
                },
                "parameters": {
                  "entityName": "environmentvariablevalues",
                  "$select": "value",
                  "$filter": "_environmentvariabledefinitionid_value eq @{outputs('Get_ID_from_AppID')}"
                },
                "authentication": {
                  "type": "Raw",
                  "value": "@json(decodeBase64(triggerOutputs().headers['X-MS-APIM-Tokens']))['$ConnectionKey']"
                }
              },
              "runtimeConfiguration": {
                "paginationPolicy": {
                  "minimumItemCount": 100000
                }
              }
            }
          },
          "runAfter": {
            "Initialize_Secret_AzureType_to_true": [
              "Succeeded"
            ]
          },
          "metadata": {
            "operationMetadataId": "550ccacb-97c0-4b23-8eae-d781f108c319"
          },
          "type": "Scope",
          "description": "must use old technique for fetching as env var is optional"
        },
        "Initialize_appID": {
          "runAfter": {},
          "metadata": {
            "operationMetadataId": "4fb2b304-6d7c-407e-a2c1-782ba52b4567"
          },
          "type": "InitializeVariable",
          "inputs": {
            "variables": [
              {
                "name": "theAppID",
                "type": "string"
              }
            ]
          }
        }
      },
      "outputs": {}
    }
  },
  "schemaVersion": "1.0.0.0"
}