<environmentvariabledefinition schemaname="admin_ApprovalAdmin">
  <description default="An individual admin's email. Some actions (approvals / team chats) cannot accept a group/DL. So this env variable is for those instances in the kit. ">
    <label description="An individual admin's email. Some actions (approvals / team chats) cannot accept a group/DL. So this env variable is for those instances in the kit. " languagecode="1033" />
  </description>
  <displayname default="Individual Admin">
    <label description="Individual Admin" languagecode="1033" />
  </displayname>
  <introducedversion>1.29</introducedversion>
  <iscustomizable>1</iscustomizable>
  <isrequired>0</isrequired>
  <type>100000000</type>
</environmentvariabledefinition>