<environmentvariabledefinition schemaname="admin_EnvRequestEnableCostTracking">
  <defaultvalue>no</defaultvalue>
  <description default="Choose Yes to enable cost tracking in the Environment Creation Request form.">
    <label description="Choose Yes to enable cost tracking in the Environment Creation Request form." languagecode="1033" />
  </description>
  <displayname default="Env Request - Enable Cost Tracking">
    <label description="Env Request - Enable Cost Tracking" languagecode="1033" />
  </displayname>
  <introducedversion>3.35</introducedversion>
  <iscustomizable>1</iscustomizable>
  <isrequired>0</isrequired>
  <secretstore>0</secretstore>
  <type>100000002</type>
</environmentvariabledefinition>